{
	"credit": "Model created by Zorak Design - Contact me on discord for work: CesarZorak#0808",
	"parent": "minecraft:block/template/zk_block_crystal",
	"ambientocclusion": false,
	"textures": {
		"particle": "#block"
	},
	"elements": [
		{
			"from": [0, 0, 0],
			"to": [16, 16, 16],
			"rotation": {"angle": 0, "axis": "y", "origin": [8, 8, 8]},
			"faces": {
				"north": {"uv": [0, 0, 16, 16], "texture": "#block", "cullface": "north"},
				"east": {"uv": [0, 0, 16, 16], "texture": "#block", "cullface": "east"},
				"south": {"uv": [0, 0, 16, 16], "texture": "#block", "cullface": "south"},
				"west": {"uv": [0, 0, 16, 16], "texture": "#block", "cullface": "west"},
				"up": {"uv": [0, 0, 16, 16], "texture": "#block_top", "cullface": "up"},
				"down": {"uv": [0, 0, 16, 16], "texture": "#block_top", "cullface": "down"}
			}
		},
		{
			"name": "top",
			"from": [2.85, 15.85, 1.85],
			"to": [15.15, 20.15, 5.15],
			"shade": false,
			"rotation": {"angle": 0, "axis": "y", "origin": [8, 8, 8]},
			"faces": {
				"north": {"uv": [0, 12, 12, 16], "texture": "#ore", "cullface": "up"},
				"east": {"uv": [5, 8, 8, 12], "texture": "#ore", "cullface": "up"},
				"south": {"uv": [0, 12, 12, 16], "texture": "#ore", "cullface": "up"},
				"west": {"uv": [13, 12, 16, 16], "texture": "#ore", "cullface": "up"},
				"up": {"uv": [12, 8, 0, 5], "texture": "#ore", "cullface": "up"}
			}
		},
		{
			"name": "top",
			"from": [11.85, 15.85, 5.15],
			"to": [15.15, 20.15, 10.45],
			"shade": false,
			"rotation": {"angle": 0, "axis": "y", "origin": [8, 8, 8]},
			"faces": {
				"east": {"uv": [0, 8, 5, 12], "texture": "#ore", "cullface": "up"},
				"south": {"uv": [16, 12, 13, 16], "texture": "#ore", "cullface": "up"},
				"west": {"uv": [5, 8, 0, 12], "texture": "#ore", "cullface": "up"},
				"up": {"uv": [3, 5, 0, 0], "texture": "#ore", "cullface": "up"}
			}
		},
		{
			"name": "top",
			"from": [5.85, 15.85, 6.85],
			"to": [10.15, 20.15, 11.15],
			"shade": false,
			"rotation": {"angle": 45, "axis": "y", "origin": [8, 8, 8]},
			"faces": {
				"north": {"uv": [12, 8, 16, 12], "texture": "#ore", "cullface": "up"},
				"east": {"uv": [12, 8, 16, 12], "texture": "#ore", "cullface": "up"},
				"south": {"uv": [12, 8, 16, 12], "texture": "#ore", "cullface": "up"},
				"west": {"uv": [12, 8, 16, 12], "texture": "#ore", "cullface": "up"},
				"up": {"uv": [12, 4, 16, 8], "rotation": 90, "texture": "#ore", "cullface": "up"}
			}
		},
		{
			"name": "top",
			"from": [1, 14, 3],
			"to": [4, 18, 9],
			"shade": false,
			"rotation": {"angle": 22.5, "axis": "x", "origin": [8, 8, 8]},
			"faces": {
				"north": {"uv": [13, 12, 16, 16], "texture": "#ore", "cullface": "up"},
				"east": {"uv": [6, 8, 0, 12], "texture": "#ore", "cullface": "up"},
				"south": {"uv": [13, 12, 16, 16], "texture": "#ore", "cullface": "up"},
				"west": {"uv": [0, 8, 6, 12], "texture": "#ore", "cullface": "up"},
				"up": {"uv": [0, 0, 6, 3], "rotation": 90, "texture": "#ore_side", "cullface": "up"}
			}
		},
		{
			"name": "top",
			"from": [6, 13, 12],
			"to": [17, 17, 15],
			"shade": false,
			"rotation": {"angle": 22.5, "axis": "z", "origin": [8, 8, 8]},
			"faces": {
				"north": {"uv": [12, 12, 1, 16], "texture": "#ore", "cullface": "up"},
				"east": {"uv": [13, 12, 16, 16], "texture": "#ore", "cullface": "up"},
				"south": {"uv": [1, 12, 12, 16], "texture": "#ore", "cullface": "up"},
				"west": {"uv": [13, 12, 16, 16], "texture": "#ore", "cullface": "up"},
				"up": {"uv": [5, 0, 16, 3], "texture": "#ore", "cullface": "up"}
			}
		},
		{
			"name": "front",
			"from": [8, 8, -3],
			"to": [15, 15, 0],
			"shade": false,
			"rotation": {"angle": -45, "axis": "x", "origin": [8, 8, 8]},
			"faces": {
				"north": {"uv": [0, 9, 7, 16], "texture": "#ore_side", "cullface": "north"},
				"east": {"uv": [9, 0, 12, 7], "texture": "#ore_side", "cullface": "north"},
				"south": {"uv": [0, 9, 7, 16], "texture": "#ore_side", "cullface": "north"},
				"west": {"uv": [9, 0, 12, 7], "texture": "#ore_side", "cullface": "north"},
				"up": {"uv": [7, 7, 0, 4], "texture": "#ore_side", "cullface": "north"}
			}
		},
		{
			"name": "front",
			"from": [1, 4, -2],
			"to": [8, 11, 1],
			"shade": false,
			"rotation": {"angle": -22.5, "axis": "x", "origin": [8, 8, 8]},
			"faces": {
				"north": {"uv": [0, 9, 7, 16], "texture": "#ore_side", "cullface": "north"},
				"east": {"uv": [9, 0, 12, 7], "texture": "#ore_side", "cullface": "north"},
				"south": {"uv": [0, 9, 7, 16], "texture": "#ore_side", "cullface": "north"},
				"west": {"uv": [9, 0, 12, 7], "texture": "#ore_side", "cullface": "north"},
				"up": {"uv": [7, 7, 0, 4], "texture": "#ore_side", "cullface": "north"}
			}
		},
		{
			"name": "front",
			"from": [8, 8, -1],
			"to": [14, 15, 2],
			"shade": false,
			"rotation": {"angle": -22.5, "axis": "x", "origin": [8, 8, 8]},
			"faces": {
				"north": {"uv": [8, 9, 14, 16], "texture": "#ore_side", "cullface": "north"},
				"east": {"uv": [13, 0, 16, 7], "texture": "#ore_side", "cullface": "north"},
				"south": {"uv": [8, 9, 14, 16], "texture": "#ore_side", "cullface": "north"},
				"west": {"uv": [13, 0, 16, 7], "texture": "#ore_side", "cullface": "north"},
				"up": {"uv": [6, 3, 0, 0], "texture": "#ore_side", "cullface": "north"}
			}
		},
		{
			"name": "front",
			"from": [0.85, 8.85, -0.15],
			"to": [7.15, 16.15, 3.15],
			"shade": false,
			"rotation": {"angle": -22.5, "axis": "x", "origin": [8, 8, 8]},
			"faces": {
				"north": {"uv": [8, 9, 14, 16], "texture": "#ore_side", "cullface": "north"},
				"east": {"uv": [13, 0, 16, 7], "texture": "#ore_side", "cullface": "north"},
				"south": {"uv": [8, 9, 14, 16], "texture": "#ore_side", "cullface": "north"},
				"west": {"uv": [13, 0, 16, 7], "texture": "#ore_side", "cullface": "north"},
				"up": {"uv": [0, 3, 6, 0], "texture": "#ore_side", "cullface": "north"}
			}
		},
		{
			"name": "back",
			"from": [7.85, 8.85, 14.85],
			"to": [15.15, 16.15, 18.15],
			"shade": false,
			"rotation": {"angle": 45, "axis": "x", "origin": [8, 8, 8]},
			"faces": {
				"north": {"uv": [0, 9, 7, 16], "texture": "#ore_side", "cullface": "south"},
				"east": {"uv": [9, 0, 12, 7], "texture": "#ore_side", "cullface": "south"},
				"south": {"uv": [0, 9, 7, 16], "texture": "#ore_side", "cullface": "south"},
				"west": {"uv": [9, 0, 12, 7], "texture": "#ore_side", "cullface": "south"},
				"up": {"uv": [0, 4, 7, 7], "texture": "#ore_side", "cullface": "south"}
			}
		},
		{
			"name": "back",
			"from": [1, 10, 14],
			"to": [8, 17, 17],
			"shade": false,
			"rotation": {"angle": 45, "axis": "x", "origin": [8, 8, 8]},
			"faces": {
				"north": {"uv": [0, 9, 7, 16], "texture": "#ore_side", "cullface": "south"},
				"east": {"uv": [9, 0, 12, 7], "texture": "#ore_side", "cullface": "south"},
				"south": {"uv": [0, 9, 7, 16], "texture": "#ore_side", "cullface": "south"},
				"west": {"uv": [9, 0, 12, 7], "texture": "#ore_side", "cullface": "south"},
				"up": {"uv": [0, 4, 7, 7], "texture": "#ore_side", "cullface": "south"}
			}
		},
		{
			"name": "back",
			"from": [9, 9, 13],
			"to": [15, 16, 16],
			"shade": false,
			"rotation": {"angle": 22.5, "axis": "x", "origin": [8, 8, 8]},
			"faces": {
				"north": {"uv": [8, 9, 14, 16], "texture": "#ore_side", "cullface": "south"},
				"east": {"uv": [13, 0, 16, 7], "texture": "#ore_side", "cullface": "south"},
				"south": {"uv": [8, 9, 14, 16], "texture": "#ore_side", "cullface": "south"},
				"west": {"uv": [13, 0, 16, 7], "texture": "#ore_side", "cullface": "south"},
				"up": {"uv": [6, 0, 0, 3], "texture": "#ore_side", "cullface": "south"}
			}
		},
		{
			"name": "back",
			"from": [2, 10, 13],
			"to": [8, 17, 16],
			"shade": false,
			"rotation": {"angle": 22.5, "axis": "x", "origin": [8, 8, 8]},
			"faces": {
				"north": {"uv": [8, 9, 14, 16], "texture": "#ore_side", "cullface": "south"},
				"east": {"uv": [13, 0, 16, 7], "texture": "#ore_side", "cullface": "south"},
				"south": {"uv": [8, 9, 14, 16], "texture": "#ore_side", "cullface": "south"},
				"west": {"uv": [13, 0, 16, 7], "texture": "#ore_side", "cullface": "south"},
				"up": {"uv": [0, 0, 6, 3], "texture": "#ore_side", "cullface": "south"}
			}
		},
		{
			"name": "right",
			"from": [13.85, 9.85, 0.85],
			"to": [17.15, 17.15, 8.15],
			"shade": false,
			"rotation": {"angle": -45, "axis": "z", "origin": [8, 8, 8]},
			"faces": {
				"north": {"uv": [9, 0, 12, 7], "texture": "#ore_side", "cullface": "east"},
				"east": {"uv": [0, 9, 7, 16], "texture": "#ore_side", "cullface": "east"},
				"south": {"uv": [9, 0, 12, 7], "texture": "#ore_side", "cullface": "east"},
				"west": {"uv": [0, 9, 7, 16], "texture": "#ore_side", "cullface": "east"},
				"up": {"uv": [7, 7, 0, 4], "rotation": 90, "texture": "#ore_side", "cullface": "east"}
			}
		},
		{
			"name": "right",
			"from": [15, 5, 8],
			"to": [18, 12, 15],
			"shade": false,
			"rotation": {"angle": -22.5, "axis": "z", "origin": [8, 8, 8]},
			"faces": {
				"north": {"uv": [9, 0, 12, 7], "texture": "#ore_side", "cullface": "east"},
				"east": {"uv": [0, 9, 7, 16], "texture": "#ore_side", "cullface": "east"},
				"south": {"uv": [9, 0, 12, 7], "texture": "#ore_side", "cullface": "east"},
				"west": {"uv": [0, 9, 7, 16], "texture": "#ore_side", "cullface": "east"},
				"up": {"uv": [7, 7, 0, 4], "rotation": 90, "texture": "#ore_side", "cullface": "east"}
			}
		},
		{
			"name": "right",
			"from": [12.85, 8.85, 7.85],
			"to": [16.15, 16.15, 14.15],
			"shade": false,
			"rotation": {"angle": -22.5, "axis": "z", "origin": [8, 8, 8]},
			"faces": {
				"north": {"uv": [13, 0, 16, 7], "texture": "#ore_side", "cullface": "east"},
				"east": {"uv": [8, 9, 14, 16], "texture": "#ore_side", "cullface": "east"},
				"south": {"uv": [13, 0, 16, 7], "texture": "#ore_side", "cullface": "east"},
				"west": {"uv": [8, 9, 14, 16], "texture": "#ore_side", "cullface": "east"},
				"up": {"uv": [6, 3, 0, 0], "rotation": 90, "texture": "#ore_side", "cullface": "east"}
			}
		},
		{
			"name": "right",
			"from": [12, 11, 1],
			"to": [15, 18, 7],
			"shade": false,
			"rotation": {"angle": -22.5, "axis": "z", "origin": [8, 8, 8]},
			"faces": {
				"north": {"uv": [13, 0, 16, 7], "texture": "#ore_side", "cullface": "east"},
				"east": {"uv": [8, 9, 14, 16], "texture": "#ore_side", "cullface": "east"},
				"south": {"uv": [13, 0, 16, 7], "texture": "#ore_side", "cullface": "east"},
				"west": {"uv": [8, 9, 14, 16], "texture": "#ore_side", "cullface": "east"},
				"up": {"uv": [0, 3, 6, 0], "rotation": 90, "texture": "#ore_side", "cullface": "east"}
			}
		},
		{
			"name": "left",
			"from": [-3, 8, 8],
			"to": [0, 15, 15],
			"shade": false,
			"rotation": {"angle": 45, "axis": "z", "origin": [8, 8, 8]},
			"faces": {
				"north": {"uv": [9, 0, 12, 7], "texture": "#ore_side", "cullface": "west"},
				"east": {"uv": [0, 9, 7, 16], "texture": "#ore_side", "cullface": "west"},
				"south": {"uv": [9, 0, 12, 7], "texture": "#ore_side", "cullface": "west"},
				"west": {"uv": [0, 9, 7, 16], "texture": "#ore_side", "cullface": "west"},
				"up": {"uv": [0, 4, 7, 7], "rotation": 90, "texture": "#ore_side", "cullface": "west"}
			}
		},
		{
			"name": "left",
			"from": [-2.15, 8.85, 0.85],
			"to": [1.15, 16.15, 8.15],
			"shade": false,
			"rotation": {"angle": 45, "axis": "z", "origin": [8, 8, 8]},
			"faces": {
				"north": {"uv": [9, 0, 12, 7], "texture": "#ore_side", "cullface": "west"},
				"east": {"uv": [0, 9, 7, 16], "texture": "#ore_side", "cullface": "west"},
				"south": {"uv": [9, 0, 12, 7], "texture": "#ore_side", "cullface": "west"},
				"west": {"uv": [0, 9, 7, 16], "texture": "#ore_side", "cullface": "west"},
				"up": {"uv": [0, 4, 7, 7], "rotation": 90, "texture": "#ore_side", "cullface": "west"}
			}
		},
		{
			"name": "left",
			"from": [-1.15, 7.85, 7.85],
			"to": [2.15, 15.15, 14.15],
			"shade": false,
			"rotation": {"angle": 22.5, "axis": "z", "origin": [8, 8, 8]},
			"faces": {
				"north": {"uv": [13, 0, 16, 7], "texture": "#ore_side", "cullface": "west"},
				"east": {"uv": [8, 9, 14, 16], "texture": "#ore_side", "cullface": "west"},
				"south": {"uv": [13, 0, 16, 7], "texture": "#ore_side", "cullface": "west"},
				"west": {"uv": [8, 9, 14, 16], "texture": "#ore_side", "cullface": "west"},
				"up": {"uv": [6, 0, 0, 3], "rotation": 90, "texture": "#ore_side", "cullface": "west"}
			}
		},
		{
			"name": "left",
			"from": [0, 9, 2],
			"to": [3, 16, 8],
			"shade": false,
			"rotation": {"angle": 22.5, "axis": "z", "origin": [8, 8, 8]},
			"faces": {
				"north": {"uv": [13, 0, 16, 7], "texture": "#ore_side", "cullface": "west"},
				"east": {"uv": [8, 9, 14, 16], "texture": "#ore_side", "cullface": "west"},
				"south": {"uv": [13, 0, 16, 7], "texture": "#ore_side", "cullface": "west"},
				"west": {"uv": [8, 9, 14, 16], "texture": "#ore_side", "cullface": "west"},
				"up": {"uv": [0, 0, 6, 3], "rotation": 90, "texture": "#ore_side", "cullface": "west"}
			}
		},
		{
			"name": "down",
			"from": [5.75, -4.25, 5.75],
			"to": [10.25, 0.25, 10.25],
			"shade": false,
			"rotation": {"angle": 0, "axis": "y", "origin": [8, 8, 8]},
			"faces": {
				"north": {"uv": [12, 12, 16, 8], "texture": "#ore", "cullface": "down"},
				"east": {"uv": [12, 12, 16, 8], "texture": "#ore", "cullface": "down"},
				"south": {"uv": [12, 12, 16, 8], "texture": "#ore", "cullface": "down"},
				"west": {"uv": [12, 12, 16, 8], "texture": "#ore", "cullface": "down"},
				"down": {"uv": [12, 4, 16, 8], "rotation": 270, "texture": "#ore", "cullface": "down"}
			}
		},
		{
			"name": "down",
			"from": [0.85, -4.15, 0.85],
			"to": [13.15, 0.15, 4.15],
			"shade": false,
			"rotation": {"angle": 0, "axis": "y", "origin": [8, 8.1, 8]},
			"faces": {
				"north": {"uv": [12, 16, 0, 12], "texture": "#ore", "cullface": "down"},
				"east": {"uv": [13, 16, 16, 12], "texture": "#ore", "cullface": "down"},
				"south": {"uv": [0, 16, 12, 12], "texture": "#ore", "cullface": "down"},
				"west": {"uv": [8, 12, 5, 8], "texture": "#ore", "cullface": "down"},
				"down": {"uv": [0, 5, 12, 8], "texture": "#ore", "cullface": "down"}
			}
		},
		{
			"name": "down",
			"from": [0.9, -4.1, 4],
			"to": [4.1, 0.1, 9.2],
			"shade": false,
			"rotation": {"angle": -22.5, "axis": "x", "origin": [2, -4, 4.1]},
			"faces": {
				"north": {"uv": [12, 8, 0, 4], "texture": "#ore", "cullface": "down"},
				"east": {"uv": [0, 12, 5, 8], "texture": "#ore", "cullface": "down"},
				"south": {"uv": [13, 16, 16, 12], "texture": "#ore", "cullface": "down"},
				"west": {"uv": [5, 12, 0, 8], "texture": "#ore", "cullface": "down"},
				"down": {"uv": [0, 0, 3, 5], "texture": "#ore", "cullface": "down"}
			}
		},
		{
			"name": "down",
			"from": [11.85, -4.15, 4.85],
			"to": [15.15, 0.15, 12.15],
			"shade": false,
			"rotation": {"angle": -22.5, "axis": "y", "origin": [8, 8, 8]},
			"faces": {
				"north": {"uv": [16, 16, 13, 12], "texture": "#ore", "cullface": "down"},
				"east": {"uv": [7, 13, 0, 9], "texture": "#ore_side", "cullface": "down"},
				"south": {"uv": [13, 16, 16, 12], "texture": "#ore", "cullface": "down"},
				"west": {"uv": [0, 13, 7, 9], "texture": "#ore_side", "cullface": "down"},
				"down": {"uv": [7, 7, 0, 4], "rotation": 90, "texture": "#ore_side", "cullface": "down"}
			}
		},
		{
			"name": "down",
			"from": [3.85, -1.15, 11.85],
			"to": [15.15, 3.15, 15.15],
			"shade": false,
			"rotation": {"angle": -22.5, "axis": "z", "origin": [8, 8, 8]},
			"faces": {
				"north": {"uv": [12, 16, 1, 12], "texture": "#ore", "cullface": "down"},
				"east": {"uv": [11, 4, 8, 0], "texture": "#ore", "cullface": "down"},
				"south": {"uv": [1, 16, 12, 12], "texture": "#ore", "cullface": "down"},
				"west": {"uv": [8, 4, 11, 0], "texture": "#ore", "cullface": "down"},
				"down": {"uv": [5, 3, 16, 0], "texture": "#ore", "cullface": "down"}
			}
		}
	],
	"groups": [
		0,
		{
			"name": "ore",
			"origin": [8, 8, 8],
			"color": 9,
			"shade": false,
			"children": [1, 2, 3, 4, 5, 6, 7, 8, 9, 10, 11, 12, 13, 14, 15, 16, 17, 18, 19, 20, 21, 22, 23, 24, 25, 26]
		}
	]
}