{
	"credit": "Model created by Zorak Design - Contact me on discord for work: CesarZorak#0808",
	"parent": "minecraft:block/template/zk_block",
	"ambientocclusion": false,
	"textures": {
		"particle": "#block"
	},
	"elements": [
		{
			"from": [0, 0, 0],
			"to": [16, 16, 16],
			"rotation": {"angle": 0, "axis": "y", "origin": [8, 8, 8]},
			"faces": {
				"north": {"uv": [0, 0, 16, 16], "texture": "#block", "cullface": "north"},
				"east": {"uv": [0, 0, 16, 16], "texture": "#block", "cullface": "east"},
				"south": {"uv": [0, 0, 16, 16], "texture": "#block", "cullface": "south"},
				"west": {"uv": [0, 0, 16, 16], "texture": "#block", "cullface": "west"},
				"up": {"uv": [0, 0, 16, 16], "texture": "#block_top", "cullface": "up"},
				"down": {"uv": [0, 0, 16, 16], "texture": "#block_top", "cullface": "down"}
			}
		},
		{
			"name": "top",
			"from": [5, 15, 3],
			"to": [10, 20, 8],
			"shade": false,
			"rotation": {"angle": -22.5, "axis": "z", "origin": [8, 8, 8]},
			"faces": {
				"north": {"uv": [0, 6, 5, 11], "texture": "#ore", "cullface": "up"},
				"east": {"uv": [0, 6, 5, 11], "texture": "#ore", "cullface": "up"},
				"south": {"uv": [0, 6, 5, 11], "texture": "#ore", "cullface": "up"},
				"west": {"uv": [5, 6, 0, 11], "texture": "#ore", "cullface": "up"},
				"up": {"uv": [0, 0, 5, 5], "texture": "#ore", "cullface": "up"}
			}
		},
		{
			"name": "top",
			"from": [6.85, 15.85, 9.85],
			"to": [11.15, 19.15, 14.15],
			"shade": false,
			"rotation": {"angle": 22.5, "axis": "y", "origin": [8, 8, 8]},
			"faces": {
				"north": {"uv": [10, 5, 6, 8], "texture": "#ore", "cullface": "up"},
				"east": {"uv": [10, 5, 6, 8], "texture": "#ore", "cullface": "up"},
				"south": {"uv": [6, 5, 10, 8], "texture": "#ore", "cullface": "up"},
				"west": {"uv": [6, 5, 10, 8], "texture": "#ore", "cullface": "up"},
				"up": {"uv": [6, 0, 10, 4], "rotation": 180, "texture": "#ore", "cullface": "up"}
			}
		},
		{
			"name": "top",
			"from": [2, 13, 2],
			"to": [6, 19, 6],
			"shade": false,
			"rotation": {"angle": 45, "axis": "x", "origin": [8, 8, 8]},
			"faces": {
				"north": {"uv": [10, 9, 6, 15], "texture": "#ore", "cullface": "up"},
				"east": {"uv": [10, 9, 6, 15], "texture": "#ore", "cullface": "up"},
				"south": {"uv": [6, 9, 10, 15], "texture": "#ore", "cullface": "up"},
				"west": {"uv": [6, 9, 10, 15], "texture": "#ore", "cullface": "up"},
				"up": {"uv": [6, 0, 10, 4], "texture": "#ore", "cullface": "up"}
			}
		},
		{
			"name": "top",
			"from": [3.85, 15.85, 3.85],
			"to": [7.15, 19.15, 7.15],
			"shade": false,
			"rotation": {"angle": 0, "axis": "y", "origin": [8, 8, 8]},
			"faces": {
				"north": {"uv": [14, 4, 11, 7], "texture": "#ore", "cullface": "up"},
				"east": {"uv": [14, 4, 11, 7], "texture": "#ore", "cullface": "up"},
				"south": {"uv": [11, 4, 14, 7], "texture": "#ore", "cullface": "up"},
				"west": {"uv": [11, 4, 14, 7], "texture": "#ore", "cullface": "up"},
				"up": {"uv": [11, 0, 14, 3], "rotation": 180, "texture": "#ore", "cullface": "up"}
			}
		},
		{
			"name": "front",
			"from": [1.85, 6.85, -1.15],
			"to": [6.15, 13.15, 3.15],
			"shade": false,
			"rotation": {"angle": -22.5, "axis": "x", "origin": [7, 8, 8]},
			"faces": {
				"north": {"uv": [6, 9, 10, 15], "texture": "#ore", "cullface": "north"},
				"east": {"uv": [6, 9, 10, 15], "texture": "#ore", "cullface": "north"},
				"west": {"uv": [6, 9, 10, 15], "texture": "#ore", "cullface": "north"},
				"up": {"uv": [6, 0, 10, 4], "texture": "#ore", "cullface": "north"}
			}
		},
		{
			"name": "front",
			"from": [5, 9, -2],
			"to": [8, 14, 1],
			"shade": false,
			"rotation": {"angle": -45, "axis": "x", "origin": [7, 8, 8]},
			"faces": {
				"north": {"uv": [11, 8, 14, 13], "texture": "#ore", "cullface": "north"},
				"east": {"uv": [11, 8, 14, 13], "texture": "#ore", "cullface": "north"},
				"south": {"uv": [11, 8, 14, 13], "texture": "#ore", "cullface": "north"},
				"west": {"uv": [14, 8, 11, 13], "texture": "#ore", "cullface": "north"},
				"up": {"uv": [11, 0, 14, 3], "rotation": 180, "texture": "#ore", "cullface": "north"}
			}
		},
		{
			"name": "front",
			"from": [8.85, 9.85, -2.15],
			"to": [12.15, 13.15, 0.15],
			"shade": false,
			"rotation": {"angle": -22.5, "axis": "z", "origin": [8, 8, 8]},
			"faces": {
				"north": {"uv": [11, 0, 14, 3], "rotation": 180, "texture": "#ore", "cullface": "north"},
				"east": {"uv": [11, 4, 14, 6], "rotation": 90, "texture": "#ore", "cullface": "north"},
				"west": {"uv": [11, 6, 14, 4], "rotation": 90, "texture": "#ore", "cullface": "north"},
				"up": {"uv": [11, 4, 14, 6], "texture": "#ore", "cullface": "north"},
				"down": {"uv": [11, 6, 14, 4], "texture": "#ore", "cullface": "north"}
			}
		},
		{
			"name": "back",
			"from": [8, 12, 11],
			"to": [12, 18, 15],
			"shade": false,
			"rotation": {"angle": 45, "axis": "x", "origin": [7, 8, 8]},
			"faces": {
				"north": {"uv": [10, 9, 6, 15], "texture": "#ore", "cullface": "south"},
				"east": {"uv": [6, 9, 10, 15], "texture": "#ore", "cullface": "south"},
				"south": {"uv": [6, 9, 10, 15], "texture": "#ore", "cullface": "south"},
				"west": {"uv": [6, 9, 10, 15], "texture": "#ore", "cullface": "south"},
				"up": {"uv": [6, 0, 10, 4], "rotation": 270, "texture": "#ore", "cullface": "south"}
			}
		},
		{
			"name": "back",
			"from": [11, 9, 13],
			"to": [14, 14, 16],
			"shade": false,
			"rotation": {"angle": 22.5, "axis": "x", "origin": [7, 8, 8]},
			"faces": {
				"east": {"uv": [11, 8, 14, 13], "texture": "#ore", "cullface": "south"},
				"south": {"uv": [11, 8, 14, 13], "texture": "#ore", "cullface": "south"},
				"up": {"uv": [11, 0, 14, 3], "texture": "#ore", "cullface": "south"}
			}
		},
		{
			"name": "back",
			"from": [5.85, 1.85, 15.85],
			"to": [9.15, 5.15, 18.15],
			"shade": false,
			"rotation": {"angle": -22.5, "axis": "z", "origin": [7, 8, 8]},
			"faces": {
				"east": {"uv": [11, 6, 14, 4], "rotation": 90, "texture": "#ore", "cullface": "south"},
				"south": {"uv": [11, 0, 14, 3], "rotation": 180, "texture": "#ore", "cullface": "south"},
				"west": {"uv": [11, 4, 14, 6], "rotation": 90, "texture": "#ore", "cullface": "south"},
				"up": {"uv": [11, 6, 14, 4], "texture": "#ore", "cullface": "south"},
				"down": {"uv": [11, 4, 14, 6], "texture": "#ore", "cullface": "south"}
			}
		},
		{
			"name": "back",
			"from": [1.85, 6.85, 15.85],
			"to": [4.15, 9.15, 17.15],
			"shade": false,
			"rotation": {"angle": 0, "axis": "y", "origin": [7, 8, 8]},
			"faces": {
				"east": {"uv": [14, 4, 16, 3], "rotation": 90, "texture": "#ore", "cullface": "south"},
				"south": {"uv": [14, 0, 16, 2], "rotation": 90, "texture": "#ore", "cullface": "south"},
				"west": {"uv": [14, 3, 16, 4], "rotation": 90, "texture": "#ore", "cullface": "south"},
				"up": {"uv": [14, 4, 16, 3], "texture": "#ore", "cullface": "south"},
				"down": {"uv": [14, 3, 16, 4], "texture": "#ore", "cullface": "south"}
			}
		},
		{
			"name": "right",
			"from": [12.85, 8.85, 4.85],
			"to": [17.15, 15.15, 9.15],
			"shade": false,
			"rotation": {"angle": -45, "axis": "z", "origin": [7, 7, 6]},
			"faces": {
				"north": {"uv": [6, 9, 10, 15], "texture": "#ore", "cullface": "east"},
				"east": {"uv": [10, 9, 6, 15], "texture": "#ore", "cullface": "east"},
				"south": {"uv": [10, 9, 6, 15], "texture": "#ore", "cullface": "east"},
				"west": {"uv": [10, 9, 6, 15], "texture": "#ore", "cullface": "east"},
				"up": {"uv": [6, 0, 10, 4], "rotation": 90, "texture": "#ore", "cullface": "east"}
			}
		},
		{
			"name": "right",
			"from": [15, 6, 9],
			"to": [17, 11, 11],
			"shade": false,
			"rotation": {"angle": -22.5, "axis": "z", "origin": [7, 7, 6]},
			"faces": {
				"east": {"uv": [14, 3, 16, 8], "texture": "#ore", "cullface": "east"},
				"south": {"uv": [16, 3, 14, 8], "texture": "#ore", "cullface": "east"},
				"up": {"uv": [14, 0, 16, 2], "rotation": 270, "texture": "#ore", "cullface": "east"}
			}
		},
		{
			"name": "right",
			"from": [15.85, 10.85, 2.85],
			"to": [18.15, 14.15, 6.15],
			"shade": false,
			"rotation": {"angle": 0, "axis": "y", "origin": [7, 7, 6]},
			"faces": {
				"north": {"uv": [11, 6, 14, 4], "rotation": 90, "texture": "#ore", "cullface": "east"},
				"east": {"uv": [14, 0, 11, 3], "rotation": 180, "texture": "#ore", "cullface": "east"},
				"south": {"uv": [11, 4, 14, 6], "rotation": 90, "texture": "#ore", "cullface": "east"},
				"up": {"uv": [11, 4, 14, 6], "rotation": 90, "texture": "#ore", "cullface": "east"},
				"down": {"uv": [14, 4, 11, 6], "rotation": 90, "texture": "#ore", "cullface": "east"}
			}
		},
		{
			"name": "right",
			"from": [15.85, 2.85, 11.85],
			"to": [17.15, 5.15, 14.15],
			"shade": false,
			"rotation": {"angle": -45, "axis": "x", "origin": [7, 7, 6]},
			"faces": {
				"north": {"uv": [14, 4, 16, 3], "rotation": 90, "texture": "#ore", "cullface": "east"},
				"east": {"uv": [14, 0, 16, 2], "rotation": 90, "texture": "#ore", "cullface": "east"},
				"south": {"uv": [14, 3, 16, 4], "rotation": 90, "texture": "#ore", "cullface": "east"},
				"up": {"uv": [16, 3, 14, 4], "rotation": 90, "texture": "#ore", "cullface": "east"},
				"down": {"uv": [14, 3, 16, 4], "rotation": 90, "texture": "#ore", "cullface": "east"}
			}
		},
		{
			"name": "left",
			"from": [1, 9, 3],
			"to": [5, 15, 7],
			"shade": false,
			"rotation": {"angle": 22.5, "axis": "z", "origin": [7, 6, 6]},
			"faces": {
				"north": {"uv": [10, 9, 6, 15], "texture": "#ore", "cullface": "west"},
				"south": {"uv": [6, 9, 10, 15], "texture": "#ore", "cullface": "west"},
				"west": {"uv": [6, 9, 10, 15], "texture": "#ore", "cullface": "west"},
				"up": {"uv": [6, 0, 10, 4], "texture": "#ore", "cullface": "west"}
			}
		},
		{
			"name": "left",
			"from": [1, 10, 5],
			"to": [4, 15, 8],
			"shade": false,
			"rotation": {"angle": 45, "axis": "z", "origin": [7, 6, 6]},
			"faces": {
				"north": {"uv": [11, 8, 14, 13], "texture": "#ore", "cullface": "west"},
				"east": {"uv": [14, 8, 11, 13], "texture": "#ore", "cullface": "west"},
				"south": {"uv": [14, 8, 11, 13], "texture": "#ore", "cullface": "west"},
				"west": {"uv": [11, 8, 14, 13], "texture": "#ore", "cullface": "west"},
				"up": {"uv": [11, 0, 14, 3], "texture": "#ore", "cullface": "west"}
			}
		},
		{
			"name": "left",
			"from": [-2.15, 10.85, 6.85],
			"to": [0.15, 14.15, 10.15],
			"shade": false,
			"rotation": {"angle": 45, "axis": "x", "origin": [7, 6, 6]},
			"faces": {
				"north": {"uv": [11, 4, 14, 6], "rotation": 90, "texture": "#ore", "cullface": "west"},
				"south": {"uv": [11, 6, 14, 4], "rotation": 90, "texture": "#ore", "cullface": "west"},
				"west": {"uv": [11, 0, 14, 3], "rotation": 180, "texture": "#ore", "cullface": "west"},
				"up": {"uv": [11, 6, 14, 4], "rotation": 90, "texture": "#ore", "cullface": "west"},
				"down": {"uv": [14, 6, 11, 4], "rotation": 90, "texture": "#ore", "cullface": "west"}
			}
		},
		{
			"name": "down",
			"from": [6.85, -6.15, 3.85],
			"to": [12.15, 0.15, 9.15],
			"shade": false,
			"rotation": {"angle": -45, "axis": "y", "origin": [7, 6, 5]},
			"faces": {
				"north": {"uv": [0, 12, 5, 6], "texture": "#ore", "cullface": "down"},
				"east": {"uv": [0, 12, 5, 6], "texture": "#ore", "cullface": "down"},
				"south": {"uv": [0, 12, 5, 6], "texture": "#ore", "cullface": "down"},
				"west": {"uv": [0, 12, 5, 6], "texture": "#ore", "cullface": "down"},
				"down": {"uv": [0, 0, 5, 5], "rotation": 270, "texture": "#ore", "cullface": "down"}
			}
		},
		{
			"name": "down",
			"from": [8.85, -4.15, 2.85],
			"to": [12.15, 0.15, 6.15],
			"shade": false,
			"rotation": {"angle": 0, "axis": "y", "origin": [7, 6, 5]},
			"faces": {
				"north": {"uv": [14, 12, 11, 8], "texture": "#ore", "cullface": "down"},
				"east": {"uv": [11, 12, 14, 8], "texture": "#ore", "cullface": "down"},
				"south": {"uv": [11, 12, 14, 8], "texture": "#ore", "cullface": "down"},
				"west": {"uv": [14, 12, 11, 8], "texture": "#ore", "cullface": "down"},
				"down": {"uv": [11, 0, 14, 3], "texture": "#ore", "cullface": "down"}
			}
		},
		{
			"name": "down",
			"from": [3.85, -5.15, 3.85],
			"to": [6.15, 0.15, 6.15],
			"shade": false,
			"rotation": {"angle": 0, "axis": "y", "origin": [7, 6, 5]},
			"faces": {
				"north": {"uv": [16, 8, 14, 3], "texture": "#ore", "cullface": "down"},
				"east": {"uv": [16, 8, 14, 3], "texture": "#ore", "cullface": "down"},
				"south": {"uv": [14, 8, 16, 3], "texture": "#ore", "cullface": "down"},
				"west": {"uv": [14, 8, 16, 3], "texture": "#ore", "cullface": "down"},
				"down": {"uv": [14, 0, 16, 2], "texture": "#ore", "cullface": "down"}
			}
		},
		{
			"name": "down",
			"from": [8.85, -3.15, 11.85],
			"to": [11.15, 0.15, 14.15],
			"shade": false,
			"rotation": {"angle": 22.5, "axis": "y", "origin": [7, 6, 6]},
			"faces": {
				"north": {"uv": [14, 6, 16, 3], "texture": "#ore", "cullface": "down"},
				"east": {"uv": [14, 6, 16, 3], "texture": "#ore", "cullface": "down"},
				"south": {"uv": [16, 6, 14, 3], "texture": "#ore", "cullface": "down"},
				"west": {"uv": [16, 6, 14, 3], "texture": "#ore", "cullface": "down"},
				"down": {"uv": [14, 0, 16, 2], "rotation": 180, "texture": "#ore", "cullface": "down"}
			}
		},
		{
			"name": "down",
			"from": [2.85, -5.15, 8.85],
			"to": [6.15, 0.15, 12.15],
			"shade": false,
			"rotation": {"angle": 22.5, "axis": "y", "origin": [7, 6, 6]},
			"faces": {
				"north": {"uv": [11, 13, 14, 8], "texture": "#ore", "cullface": "down"},
				"east": {"uv": [14, 13, 11, 8], "texture": "#ore", "cullface": "down"},
				"south": {"uv": [14, 13, 11, 8], "texture": "#ore", "cullface": "down"},
				"west": {"uv": [11, 13, 14, 8], "texture": "#ore", "cullface": "down"},
				"down": {"uv": [11, 0, 14, 3], "rotation": 180, "texture": "#ore", "cullface": "down"}
			}
		}
	],
	"groups": [
		0,
		{
			"name": "ore",
			"origin": [8, 8, 8],
			"color": 9,
			"shade": false,
			"children": [1, 2, 3, 4, 5, 6, 7, 8, 9, 10, 11, 12, 13, 14, 15, 16, 17, 18, 19, 20, 21, 22, 23]
		}
	]
}