{
	"credit": "Made with Blockbench",
	"parent": "block/block",
	"textures": {
		"0": "create:block/content_observer_top",
		"1": "create:block/content_observer_middle",
		"2": "create:block/content_observer_face",
		"4": "create:block/content_observer_side_powered",
		"5": "create:block/brass_rim",
		"6": "create:block/brass_casing",
		"particle": "create:block/content_observer_top"
	},
	"elements": [
		{
			"name": "Bottom Plate",
			"from": [0, 0, 0],
			"to": [16, 6, 16],
			"faces": {
				"north": {"uv": [0, 10, 16, 16], "texture": "#4"},
				"east": {"uv": [0, 10, 16, 16], "texture": "#4"},
				"south": {"uv": [0, 10, 16, 16], "texture": "#4"},
				"west": {"uv": [0, 10, 16, 16], "texture": "#4"},
				"up": {"uv": [0, 0, 16, 16], "texture": "#5"},
				"down": {"uv": [0, 0, 16, 16], "texture": "#6"}
			}
		},
		{
			"name": "Center",
			"from": [1, 2, 1],
			"to": [15, 14, 15],
			"faces": {
				"north": {"uv": [0, 0, 14, 12], "texture": "#1"},
				"east": {"uv": [0, 0, 14, 12], "texture": "#1"},
				"south": {"uv": [0, 0, 14, 12], "texture": "#1"},
				"west": {"uv": [0, 0, 14, 12], "texture": "#1"},
				"up": {"uv": [1, 1, 15, 15], "texture": "#6"},
				"down": {"uv": [1, 1, 15, 15], "texture": "#6"}
			}
		},
		{
			"name": "Indicator",
			"from": [3.15, 3.15, -1.6],
			"to": [12.85, 12.85, 1.1],
			"faces": {
				"north": {"uv": [0, 0, 10, 10], "texture": "#2"},
				"east": {"uv": [10, 0, 13, 10], "texture": "#2"},
				"west": {"uv": [10, 0, 13, 10], "texture": "#2"},
				"up": {"uv": [0, 10, 10, 13], "texture": "#2"},
				"down": {"uv": [0, 10, 10, 13], "texture": "#2"}
			}
		},
		{
			"name": "Top Plate",
			"from": [0, 14, 0],
			"to": [16, 16, 16],
			"faces": {
				"north": {"uv": [0, 16, 16, 14], "texture": "#0"},
				"east": {"uv": [0, 16, 16, 14], "texture": "#0"},
				"south": {"uv": [0, 16, 16, 14], "texture": "#0"},
				"west": {"uv": [0, 16, 16, 14], "texture": "#0"},
				"up": {"uv": [0, 16, 16, 0], "texture": "#0"},
				"down": {"uv": [0, 0, 16, 16], "texture": "#5"}
			}
		}
	],
	"display": {
		"gui": {
			"rotation": [30, -135, 0],
			"scale": [0.625, 0.625, 0.625]
		}
	},
	"groups": [
		{
			"name": "stockpile_switch",
			"origin": [8, 8, 8],
			"color": 0,
			"children": [0, 1, 2, 3]
		}
	]
}