{
	"credit": "Model created by Zorak Design - Contact me on discord for work: CesarZorak#0808",
	"parent": "block/block_crystal_pro",
	"elements": [
		{
			"name": "block",
			"from": [0, 0, 0],
			"to": [16, 16, 16],
			"rotation": {"angle": 0, "axis": "y", "origin": [8, 8, 8]},
			"faces": {
				"north": {"uv": [0, 0, 16, 16], "texture": "#0", "cullface": "north"},
				"east": {"uv": [0, 0, 16, 16], "texture": "#0", "cullface": "east"},
				"south": {"uv": [0, 0, 16, 16], "texture": "#0", "cullface": "south"},
				"west": {"uv": [0, 0, 16, 16], "texture": "#0", "cullface": "west"},
				"up": {"uv": [0, 0, 16, 16], "texture": "#1", "cullface": "up"},
				"down": {"uv": [0, 0, 16, 16], "texture": "#1", "cullface": "down"}
			}
		},
		{
			"name": "t_0",
			"from": [10.85, 15.85, 2.85],
			"to": [14.15, 20.15, 15.15],
			"shade":false,
			"rotation": {"angle": 0, "axis": "y", "origin": [8, 8, 8]},
			"faces": {
				"north": {"uv": [13, 12, 16, 16], "texture": "#2", "cullface": "up"},
				"east": {"uv": [0, 12, 12, 16], "texture": "#2", "cullface": "up"},
				"south": {"uv": [5, 8, 8, 12], "texture": "#2", "cullface": "up"},
				"west": {"uv": [0, 12, 12, 16], "texture": "#2", "cullface": "up"},
				"up": {"uv": [12, 8, 0, 5], "rotation": 90, "texture": "#2", "cullface": "up"}
			}
		},
		{
			"name": "t_1",
			"from": [5.55, 15.85, 11.85],
			"to": [10.85, 20.15, 15.15],
			"shade":false,
			"rotation": {"angle": 0, "axis": "y", "origin": [8, 8, 8]},
			"faces": {
				"north": {"uv": [3, 8, 8, 12], "texture": "#2", "cullface": "up"},
				"south": {"uv": [0, 8, 5, 12], "texture": "#2", "cullface": "up"},
				"west": {"uv": [16, 12, 13, 16], "texture": "#2", "cullface": "up"},
				"up": {"uv": [3, 5, 0, 0], "rotation": 90, "texture": "#2", "cullface": "up"}
			}
		},
		{
			"name": "t_2",
			"from": [4.85, 15.85, 5.85],
			"to": [9.15, 20.15, 10.15],
			"shade":false,
			"rotation": {"angle": 45, "axis": "y", "origin": [8, 8, 8]},
			"faces": {
				"north": {"uv": [12, 8, 16, 12], "texture": "#2", "cullface": "up"},
				"east": {"uv": [16, 8, 12, 12], "texture": "#2", "cullface": "up"},
				"south": {"uv": [12, 8, 16, 12], "texture": "#2", "cullface": "up"},
				"west": {"uv": [16, 8, 12, 12], "texture": "#2", "cullface": "up"},
				"up": {"uv": [12, 4, 16, 8], "rotation": 180, "texture": "#2", "cullface": "up"}
			}
		},
		{
			"name": "t_3",
			"from": [7, 14, 1],
			"to": [13, 18, 4],
			"shade":false,
			"rotation": {"angle": 22.5, "axis": "z", "origin": [8, 8, 8]},
			"faces": {
				"north": {"uv": [0, 8, 6, 12], "texture": "#2", "cullface": "up"},
				"east": {"uv": [16, 12, 13, 16], "texture": "#2", "cullface": "up"},
				"south": {"uv": [6, 8, 0, 12], "texture": "#2", "cullface": "up"},
				"west": {"uv": [13, 12, 16, 16], "texture": "#2", "cullface": "up"},
				"up": {"uv": [0, 0, 6, 3], "rotation": 180, "texture": "#3", "cullface": "up"}
			}
		},
		{
			"name": "t_4",
			"from": [1, 13, 6],
			"to": [4, 17, 17],
			"shade":false,
			"rotation": {"angle": -22.5, "axis": "x", "origin": [8, 8, 8]},
			"faces": {
				"north": {"uv": [13, 12, 16, 16], "texture": "#2", "cullface": "up"},
				"east": {"uv": [12, 12, 1, 16], "texture": "#2", "cullface": "up"},
				"south": {"uv": [13, 12, 16, 16], "texture": "#2", "cullface": "up"},
				"west": {"uv": [1, 12, 12, 16], "texture": "#2", "cullface": "up"},
				"up": {"uv": [5, 0, 16, 3], "rotation": 90, "texture": "#2", "cullface": "up"}
			}
		},
		{
			"name": "e_0",
			"from": [16, 8, 8],
			"to": [19, 15, 15],
			"shade":false,
			"rotation": {"angle": -45, "axis": "z", "origin": [8, 8, 8]},
			"faces": {
				"north": {"uv": [9, 0, 12, 7], "texture": "#3", "cullface": "east"},
				"east": {"uv": [0, 9, 7, 16], "texture": "#3", "cullface": "east"},
				"south": {"uv": [9, 0, 12, 7], "texture": "#3", "cullface": "east"},
				"west": {"uv": [0, 9, 7, 16], "texture": "#3", "cullface": "east"},
				"up": {"uv": [7, 7, 0, 4], "rotation": 90, "texture": "#3", "cullface": "east"}
			}
		},
		{
			"name": "e_1",
			"from": [15, 4, 1],
			"to": [18, 11, 8],
			"shade":false,
			"rotation": {"angle": -22.5, "axis": "z", "origin": [8, 8, 8]},
			"faces": {
				"north": {"uv": [9, 0, 12, 7], "texture": "#3", "cullface": "east"},
				"east": {"uv": [0, 9, 7, 16], "texture": "#3", "cullface": "east"},
				"south": {"uv": [9, 0, 12, 7], "texture": "#3", "cullface": "east"},
				"west": {"uv": [0, 9, 7, 16], "texture": "#3", "cullface": "east"},
				"up": {"uv": [7, 7, 0, 4], "rotation": 90, "texture": "#3", "cullface": "east"}
			}
		},
		{
			"name": "e_2",
			"from": [14, 8, 8],
			"to": [17, 15, 14],
			"shade":false,
			"rotation": {"angle": -22.5, "axis": "z", "origin": [8, 8, 8]},
			"faces": {
				"north": {"uv": [13, 0, 16, 7], "texture": "#3", "cullface": "east"},
				"east": {"uv": [8, 9, 14, 16], "texture": "#3", "cullface": "east"},
				"south": {"uv": [16, 0, 13, 7], "texture": "#3", "cullface": "east"},
				"west": {"uv": [8, 9, 14, 16], "texture": "#3", "cullface": "east"},
				"up": {"uv": [6, 3, 0, 0], "rotation": 90, "texture": "#3", "cullface": "east"}
			}
		},
		{
			"name": "e_3",
			"from": [12.85, 8.85, 0.85],
			"to": [16.15, 16.15, 7.15],
			"shade":false,
			"rotation": {"angle": -22.5, "axis": "z", "origin": [8, 8, 8]},
			"faces": {
				"north": {"uv": [13, 0, 16, 7], "texture": "#3", "cullface": "east"},
				"east": {"uv": [8, 9, 14, 16], "texture": "#3", "cullface": "east"},
				"south": {"uv": [16, 0, 13, 7], "texture": "#3", "cullface": "east"},
				"west": {"uv": [8, 9, 14, 16], "texture": "#3", "cullface": "east"},
				"up": {"uv": [0, 3, 6, 0], "rotation": 90, "texture": "#3", "cullface": "east"}
			}
		},
		{
			"name": "w_0",
			"from": [-2.15, 8.85, 7.85],
			"to": [1.15, 16.15, 15.15],
			"shade":false,
			"rotation": {"angle": 45, "axis": "z", "origin": [8, 8, 8]},
			"faces": {
				"north": {"uv": [9, 0, 12, 7], "texture": "#3", "cullface": "west"},
				"east": {"uv": [0, 9, 7, 16], "texture": "#3", "cullface": "west"},
				"south": {"uv": [9, 0, 12, 7], "texture": "#3", "cullface": "west"},
				"west": {"uv": [0, 9, 7, 16], "texture": "#3", "cullface": "west"},
				"up": {"uv": [0, 4, 7, 7], "rotation": 90, "texture": "#3", "cullface": "west"}
			}
		},
		{
			"name": "w_1",
			"from": [-1, 10, 1],
			"to": [2, 17, 8],
			"shade":false,
			"rotation": {"angle": 45, "axis": "z", "origin": [8, 8, 8]},
			"faces": {
				"north": {"uv": [9, 0, 12, 7], "texture": "#3", "cullface": "west"},
				"east": {"uv": [0, 9, 7, 16], "texture": "#3", "cullface": "west"},
				"south": {"uv": [9, 0, 12, 7], "texture": "#3", "cullface": "west"},
				"west": {"uv": [0, 9, 7, 16], "texture": "#3", "cullface": "west"},
				"up": {"uv": [0, 4, 7, 7], "rotation": 90, "texture": "#3", "cullface": "west"}
			}
		},
		{
			"name": "w_2",
			"from": [0, 9, 9],
			"to": [3, 16, 15],
			"shade":false,
			"rotation": {"angle": 22.5, "axis": "z", "origin": [8, 8, 8]},
			"faces": {
				"north": {"uv": [16, 0, 13, 7], "texture": "#3", "cullface": "west"},
				"east": {"uv": [8, 9, 14, 16], "texture": "#3", "cullface": "west"},
				"south": {"uv": [13, 0, 16, 7], "texture": "#3", "cullface": "west"},
				"west": {"uv": [8, 9, 14, 16], "texture": "#3", "cullface": "west"},
				"up": {"uv": [6, 0, 0, 3], "rotation": 90, "texture": "#3", "cullface": "west"}
			}
		},
		{
			"name": "w_3",
			"from": [0, 10, 2],
			"to": [3, 17, 8],
			"shade":false,
			"rotation": {"angle": 22.5, "axis": "z", "origin": [8, 8, 8]},
			"faces": {
				"north": {"uv": [16, 0, 13, 7], "texture": "#3", "cullface": "west"},
				"east": {"uv": [8, 9, 14, 16], "texture": "#3", "cullface": "west"},
				"south": {"uv": [13, 0, 16, 7], "texture": "#3", "cullface": "west"},
				"west": {"uv": [8, 9, 14, 16], "texture": "#3", "cullface": "west"},
				"up": {"uv": [0, 0, 6, 3], "rotation": 90, "texture": "#3", "cullface": "west"}
			}
		},
		{
			"name": "s_0",
			"from": [7.85, 9.85, 13.85],
			"to": [15.15, 17.15, 17.15],
			"shade":false,
			"rotation": {"angle": 45, "axis": "x", "origin": [8, 8, 8]},
			"faces": {
				"north": {"uv": [0, 9, 7, 16], "texture": "#3", "cullface": "south"},
				"east": {"uv": [9, 0, 12, 7], "texture": "#3", "cullface": "south"},
				"south": {"uv": [0, 9, 7, 16], "texture": "#3", "cullface": "south"},
				"west": {"uv": [9, 0, 12, 7], "texture": "#3", "cullface": "south"},
				"up": {"uv": [7, 7, 0, 4], "rotation": 180, "texture": "#3", "cullface": "south"}
			}
		},
		{
			"name": "s_1",
			"from": [1, 5, 15],
			"to": [8, 12, 18],
			"shade":false,
			"rotation": {"angle": 22.5, "axis": "x", "origin": [8, 8, 8]},
			"faces": {
				"north": {"uv": [0, 9, 7, 16], "texture": "#3", "cullface": "south"},
				"east": {"uv": [9, 0, 12, 7], "texture": "#3", "cullface": "south"},
				"south": {"uv": [0, 9, 7, 16], "texture": "#3", "cullface": "south"},
				"west": {"uv": [9, 0, 12, 7], "texture": "#3", "cullface": "south"},
				"up": {"uv": [7, 7, 0, 4], "rotation": 180, "texture": "#3", "cullface": "south"}
			}
		},
		{
			"name": "s_2",
			"from": [1.85, 8.85, 12.85],
			"to": [8.15, 16.15, 16.15],
			"shade":false,
			"rotation": {"angle": 22.5, "axis": "x", "origin": [8, 8, 8]},
			"faces": {
				"north": {"uv": [8, 9, 14, 16], "texture": "#3", "cullface": "south"},
				"east": {"uv": [13, 0, 16, 7], "texture": "#3", "cullface": "south"},
				"south": {"uv": [8, 9, 14, 16], "texture": "#3", "cullface": "south"},
				"west": {"uv": [16, 0, 13, 7], "texture": "#3", "cullface": "south"},
				"up": {"uv": [6, 3, 0, 0], "rotation": 180, "texture": "#3", "cullface": "south"}
			}
		},
		{
			"name": "s_3",
			"from": [9, 11, 12],
			"to": [15, 18, 15],
			"shade":false,
			"rotation": {"angle": 22.5, "axis": "x", "origin": [8, 8, 8]},
			"faces": {
				"north": {"uv": [8, 9, 14, 16], "texture": "#3", "cullface": "south"},
				"east": {"uv": [13, 0, 16, 7], "texture": "#3", "cullface": "south"},
				"south": {"uv": [8, 9, 14, 16], "texture": "#3", "cullface": "south"},
				"west": {"uv": [16, 0, 13, 7], "texture": "#3", "cullface": "south"},
				"up": {"uv": [0, 3, 6, 0], "rotation": 180, "texture": "#3", "cullface": "south"}
			}
		},
		{
			"name": "n_0",
			"from": [1, 8, -3],
			"to": [8, 15, 0],
			"shade":false,
			"rotation": {"angle": -45, "axis": "x", "origin": [8, 8, 8]},
			"faces": {
				"north": {"uv": [0, 9, 7, 16], "texture": "#3", "cullface": "north"},
				"east": {"uv": [9, 0, 12, 7], "texture": "#3", "cullface": "north"},
				"south": {"uv": [0, 9, 7, 16], "texture": "#3", "cullface": "north"},
				"west": {"uv": [9, 0, 12, 7], "texture": "#3", "cullface": "north"},
				"up": {"uv": [0, 4, 7, 7], "rotation": 180, "texture": "#3", "cullface": "north"}
			}
		},
		{
			"name": "n_1",
			"from": [7.85, 8.85, -2.15],
			"to": [15.15, 16.15, 1.15],
			"shade":false,
			"rotation": {"angle": -45, "axis": "x", "origin": [8, 8, 8]},
			"faces": {
				"north": {"uv": [0, 9, 7, 16], "texture": "#3", "cullface": "north"},
				"east": {"uv": [9, 0, 12, 7], "texture": "#3", "cullface": "north"},
				"south": {"uv": [0, 9, 7, 16], "texture": "#3", "cullface": "north"},
				"west": {"uv": [9, 0, 12, 7], "texture": "#3", "cullface": "north"},
				"up": {"uv": [0, 4, 7, 7], "rotation": 180, "texture": "#3", "cullface": "north"}
			}
		},
		{
			"name": "n_2",
			"from": [1.85, 7.85, -1.15],
			"to": [8.15, 15.15, 2.15],
			"shade":false,
			"rotation": {"angle": -22.5, "axis": "x", "origin": [8, 8, 8]},
			"faces": {
				"north": {"uv": [8, 9, 14, 16], "texture": "#3", "cullface": "north"},
				"east": {"uv": [16, 0, 13, 7], "texture": "#3", "cullface": "north"},
				"south": {"uv": [8, 9, 14, 16], "texture": "#3", "cullface": "north"},
				"west": {"uv": [13, 0, 16, 7], "texture": "#3", "cullface": "north"},
				"up": {"uv": [6, 0, 0, 3], "rotation": 180, "texture": "#3", "cullface": "north"}
			}
		},
		{
			"name": "n_3",
			"from": [8, 9, 0],
			"to": [14, 16, 3],
			"shade":false,
			"rotation": {"angle": -22.5, "axis": "x", "origin": [8, 8, 8]},
			"faces": {
				"north": {"uv": [8, 9, 14, 16], "texture": "#3", "cullface": "north"},
				"east": {"uv": [16, 0, 13, 7], "texture": "#3", "cullface": "north"},
				"south": {"uv": [8, 9, 14, 16], "texture": "#3", "cullface": "north"},
				"west": {"uv": [13, 0, 16, 7], "texture": "#3", "cullface": "north"},
				"up": {"uv": [0, 0, 6, 3], "rotation": 180, "texture": "#3", "cullface": "north"}
			}
		},
		{
			"name": "d_0",
			"from": [5.75, -4.25, 5.75],
			"to": [10.25, 0.25, 10.25],
			"shade":false,
			"rotation": {"angle": 0, "axis": "y", "origin": [8, 8, 8]},
			"faces": {
				"north": {"uv": [16, 12, 12, 8], "texture": "#2", "cullface": "down"},
				"east": {"uv": [12, 12, 16, 8], "texture": "#2", "cullface": "down"},
				"south": {"uv": [16, 12, 12, 8], "texture": "#2", "cullface": "down"},
				"west": {"uv": [12, 12, 16, 8], "texture": "#2", "cullface": "down"},
				"down": {"uv": [12, 4, 16, 8], "rotation": 180, "texture": "#2", "cullface": "down"}
			}
		},
		{
			"name": "d_1",
			"from": [11.85, -4.15, 0.85],
			"to": [15.15, 0.15, 13.15],
			"shade":false,
			"rotation": {"angle": 0, "axis": "y", "origin": [8, 8, 8]},
			"faces": {
				"north": {"uv": [8, 12, 5, 8], "texture": "#2", "cullface": "down"},
				"east": {"uv": [12, 16, 0, 12], "texture": "#2", "cullface": "down"},
				"south": {"uv": [13, 16, 16, 12], "texture": "#2", "cullface": "down"},
				"west": {"uv": [0, 16, 12, 12], "texture": "#2", "cullface": "down"},
				"down": {"uv": [0, 5, 12, 8], "rotation": 270, "texture": "#2", "cullface": "down"}
			}
		},
		{
			"name": "d_2",
			"from": [10.9, -1.6, 0.9],
			"to": [16.1, 2.6, 4.1],
			"shade":false,
			"rotation": {"angle": -22.5, "axis": "z", "origin": [8, 8, 8]},
			"faces": {
				"north": {"uv": [5, 12, 0, 8], "texture": "#2", "cullface": "down"},
				"east": {"uv": [16, 16, 13, 12], "texture": "#2", "cullface": "down"},
				"south": {"uv": [0, 12, 5, 8], "texture": "#2", "cullface": "down"},
				"west": {"uv": [13, 16, 16, 12], "texture": "#2", "cullface": "down"},
				"down": {"uv": [0, 0, 3, 5], "rotation": 270, "texture": "#2", "cullface": "down"}
			}
		},
		{
			"name": "d_3",
			"from": [3.85, -4.15, 11.85],
			"to": [11.15, 0.15, 15.15],
			"shade":false,
			"rotation": {"angle": -22.5, "axis": "y", "origin": [8, 8, 8]},
			"faces": {
				"north": {"uv": [0, 13, 7, 9], "texture": "#3", "cullface": "down"},
				"east": {"uv": [16, 16, 13, 12], "texture": "#2", "cullface": "down"},
				"south": {"uv": [7, 13, 0, 9], "texture": "#3", "cullface": "down"},
				"west": {"uv": [13, 16, 16, 12], "texture": "#2", "cullface": "down"},
				"down": {"uv": [7, 7, 0, 4], "texture": "#3", "cullface": "down"}
			}
		},
		{
			"name": "d_4",
			"from": [0.85, -1.15, 3.85],
			"to": [4.15, 3.15, 15.15],
			"shade":false,
			"rotation": {"angle": 22.5, "axis": "x", "origin": [8, 8, 8]},
			"faces": {
				"north": {"uv": [8, 4, 11, 0], "texture": "#2", "cullface": "down"},
				"east": {"uv": [12, 16, 1, 12], "texture": "#2", "cullface": "down"},
				"south": {"uv": [11, 4, 8, 0], "texture": "#2", "cullface": "down"},
				"west": {"uv": [1, 16, 12, 12], "texture": "#2", "cullface": "down"},
				"down": {"uv": [5, 3, 16, 0], "rotation": 270, "texture": "#2", "cullface": "down"}
			}
		}
	],
	"groups": [
		{
			"name": "stone",
			"origin": [8, 8, 8],
			"color": 0,
			"children": [
				0,
				{
					"name": "ore",
					"origin": [8, 8, 8],
					"color": 0,
					"children": [1, 2, 3, 4, 5, 6, 7, 8, 9, 10, 11, 12, 13, 14, 15, 16, 17, 18, 19, 20, 21, 22, 23, 24, 25, 26]
				}
			]
		}
	]
}