{
	"credit": "Model created by Zorak Design - Contact me on discord for work: CesarZorak#0808",
	"parent": "block/block_crystal_pro",
	"elements": [
		{
			"name": "block",
			"from": [0, 0, 0],
			"to": [16, 16, 16],
			"rotation": {"angle": 0, "axis": "y", "origin": [8, 8, 8]},
			"faces": {
				"north": {"uv": [0, 0, 16, 16], "texture": "#0", "cullface": "north"},
				"east": {"uv": [0, 0, 16, 16], "texture": "#0", "cullface": "east"},
				"south": {"uv": [0, 0, 16, 16], "texture": "#0", "cullface": "south"},
				"west": {"uv": [0, 0, 16, 16], "texture": "#0", "cullface": "west"},
				"up": {"uv": [0, 0, 16, 16], "texture": "#1", "cullface": "up"},
				"down": {"uv": [0, 0, 16, 16], "texture": "#1", "cullface": "down"}
			}
		},
		{
			"name": "t_0",
			"from": [1.85, 15.85, 0.85],
			"to": [5.15, 20.15, 13.15],
			"shade":false,
			"rotation": {"angle": 0, "axis": "y", "origin": [8, 8, 8]},
			"faces": {
				"north": {"uv": [5, 8, 8, 12], "texture": "#2", "cullface": "up"},
				"east": {"uv": [0, 12, 12, 16], "texture": "#2", "cullface": "up"},
				"south": {"uv": [13, 12, 16, 16], "texture": "#2", "cullface": "up"},
				"west": {"uv": [0, 12, 12, 16], "texture": "#2", "cullface": "up"},
				"up": {"uv": [12, 8, 0, 5], "rotation": 270, "texture": "#2", "cullface": "up"}
			}
		},
		{
			"name": "t_1",
			"from": [5.15, 15.85, 0.85],
			"to": [10.45, 20.15, 4.15],
			"shade":false,
			"rotation": {"angle": 0, "axis": "y", "origin": [8, 8, 8]},
			"faces": {
				"north": {"uv": [0, 8, 5, 12], "texture": "#2", "cullface": "up"},
				"east": {"uv": [16, 12, 13, 16], "texture": "#2", "cullface": "up"},
				"south": {"uv": [3, 8, 8, 12], "texture": "#2", "cullface": "up"},
				"up": {"uv": [3, 5, 0, 0], "rotation": 270, "texture": "#2", "cullface": "up"}
			}
		},
		{
			"name": "t_2",
			"from": [6.85, 15.85, 5.85],
			"to": [11.15, 20.15, 10.15],
			"shade":false,
			"rotation": {"angle": 45, "axis": "y", "origin": [8, 8, 8]},
			"faces": {
				"north": {"uv": [12, 8, 16, 12], "texture": "#2", "cullface": "up"},
				"east": {"uv": [16, 8, 12, 12], "texture": "#2", "cullface": "up"},
				"south": {"uv": [12, 8, 16, 12], "texture": "#2", "cullface": "up"},
				"west": {"uv": [16, 8, 12, 12], "texture": "#2", "cullface": "up"},
				"up": {"uv": [12, 4, 16, 8], "texture": "#2", "cullface": "up"}
			}
		},
		{
			"name": "t_3",
			"from": [3, 14, 12],
			"to": [9, 18, 15],
			"shade":false,
			"rotation": {"angle": -22.5, "axis": "z", "origin": [8, 8, 8]},
			"faces": {
				"north": {"uv": [6, 8, 0, 12], "texture": "#2", "cullface": "up"},
				"east": {"uv": [13, 12, 16, 16], "texture": "#2", "cullface": "up"},
				"south": {"uv": [0, 8, 6, 12], "texture": "#2", "cullface": "up"},
				"west": {"uv": [16, 12, 13, 16], "texture": "#2", "cullface": "up"},
				"up": {"uv": [0, 0, 6, 3], "texture": "#3", "cullface": "up"}
			}
		},
		{
			"name": "t_4",
			"from": [12, 13, -1],
			"to": [15, 17, 10],
			"shade":false,
			"rotation": {"angle": 22.5, "axis": "x", "origin": [8, 8, 8]},
			"faces": {
				"north": {"uv": [13, 12, 16, 16], "texture": "#2", "cullface": "up"},
				"east": {"uv": [1, 12, 12, 16], "texture": "#2", "cullface": "up"},
				"south": {"uv": [13, 12, 16, 16], "texture": "#2", "cullface": "up"},
				"west": {"uv": [12, 12, 1, 16], "texture": "#2", "cullface": "up"},
				"up": {"uv": [5, 0, 16, 3], "rotation": 270, "texture": "#2", "cullface": "up"}
			}
		},
		{
			"name": "w_0",
			"from": [-3, 8, 1],
			"to": [0, 15, 8],
			"shade":false,
			"rotation": {"angle": 45, "axis": "z", "origin": [8, 8, 8]},
			"faces": {
				"north": {"uv": [9, 0, 12, 7], "texture": "#3", "cullface": "west"},
				"east": {"uv": [0, 9, 7, 16], "texture": "#3", "cullface": "west"},
				"south": {"uv": [9, 0, 12, 7], "texture": "#3", "cullface": "west"},
				"west": {"uv": [0, 9, 7, 16], "texture": "#3", "cullface": "west"},
				"up": {"uv": [7, 7, 0, 4], "rotation": 270, "texture": "#3", "cullface": "west"}
			}
		},
		{
			"name": "w_1",
			"from": [-2, 4, 8],
			"to": [1, 11, 15],
			"shade":false,
			"rotation": {"angle": 22.5, "axis": "z", "origin": [8, 8, 8]},
			"faces": {
				"north": {"uv": [9, 0, 12, 7], "texture": "#3", "cullface": "west"},
				"east": {"uv": [0, 9, 7, 16], "texture": "#3", "cullface": "west"},
				"south": {"uv": [9, 0, 12, 7], "texture": "#3", "cullface": "west"},
				"west": {"uv": [0, 9, 7, 16], "texture": "#3", "cullface": "west"},
				"up": {"uv": [7, 7, 0, 4], "rotation": 270, "texture": "#3", "cullface": "west"}
			}
		},
		{
			"name": "w_2",
			"from": [-1, 8, 2],
			"to": [2, 15, 8],
			"shade":false,
			"rotation": {"angle": 22.5, "axis": "z", "origin": [8, 8, 8]},
			"faces": {
				"north": {"uv": [16, 0, 13, 7], "texture": "#3", "cullface": "west"},
				"east": {"uv": [8, 9, 14, 16], "texture": "#3", "cullface": "west"},
				"south": {"uv": [13, 0, 16, 7], "texture": "#3", "cullface": "west"},
				"west": {"uv": [8, 9, 14, 16], "texture": "#3", "cullface": "west"},
				"up": {"uv": [6, 3, 0, 0], "rotation": 270, "texture": "#3", "cullface": "west"}
			}
		},
		{
			"name": "w_3",
			"from": [-0.15, 8.85, 8.85],
			"to": [3.15, 16.15, 15.15],
			"shade":false,
			"rotation": {"angle": 22.5, "axis": "z", "origin": [8, 8, 8]},
			"faces": {
				"north": {"uv": [16, 0, 13, 7], "texture": "#3", "cullface": "west"},
				"east": {"uv": [8, 9, 14, 16], "texture": "#3", "cullface": "west"},
				"south": {"uv": [13, 0, 16, 7], "texture": "#3", "cullface": "west"},
				"west": {"uv": [8, 9, 14, 16], "texture": "#3", "cullface": "west"},
				"up": {"uv": [0, 3, 6, 0], "rotation": 270, "texture": "#3", "cullface": "west"}
			}
		},
		{
			"name": "e_0",
			"from": [14.85, 8.85, 0.85],
			"to": [18.15, 16.15, 8.15],
			"shade":false,
			"rotation": {"angle": -45, "axis": "z", "origin": [8, 8, 8]},
			"faces": {
				"north": {"uv": [9, 0, 12, 7], "texture": "#3", "cullface": "east"},
				"east": {"uv": [0, 9, 7, 16], "texture": "#3", "cullface": "east"},
				"south": {"uv": [9, 0, 12, 7], "texture": "#3", "cullface": "east"},
				"west": {"uv": [0, 9, 7, 16], "texture": "#3", "cullface": "east"},
				"up": {"uv": [0, 4, 7, 7], "rotation": 270, "texture": "#3", "cullface": "east"}
			}
		},
		{
			"name": "e_1",
			"from": [14, 10, 8],
			"to": [17, 17, 15],
			"shade":false,
			"rotation": {"angle": -45, "axis": "z", "origin": [8, 8, 8]},
			"faces": {
				"north": {"uv": [9, 0, 12, 7], "texture": "#3", "cullface": "east"},
				"east": {"uv": [0, 9, 7, 16], "texture": "#3", "cullface": "east"},
				"south": {"uv": [9, 0, 12, 7], "texture": "#3", "cullface": "east"},
				"west": {"uv": [0, 9, 7, 16], "texture": "#3", "cullface": "east"},
				"up": {"uv": [0, 4, 7, 7], "rotation": 270, "texture": "#3", "cullface": "east"}
			}
		},
		{
			"name": "e_2",
			"from": [13, 9, 1],
			"to": [16, 16, 7],
			"shade":false,
			"rotation": {"angle": -22.5, "axis": "z", "origin": [8, 8, 8]},
			"faces": {
				"north": {"uv": [13, 0, 16, 7], "texture": "#3", "cullface": "east"},
				"east": {"uv": [8, 9, 14, 16], "texture": "#3", "cullface": "east"},
				"south": {"uv": [16, 0, 13, 7], "texture": "#3", "cullface": "east"},
				"west": {"uv": [8, 9, 14, 16], "texture": "#3", "cullface": "east"},
				"up": {"uv": [6, 0, 0, 3], "rotation": 270, "texture": "#3", "cullface": "east"}
			}
		},
		{
			"name": "e_3",
			"from": [13, 10, 8],
			"to": [16, 17, 14],
			"shade":false,
			"rotation": {"angle": -22.5, "axis": "z", "origin": [8, 8, 8]},
			"faces": {
				"north": {"uv": [13, 0, 16, 7], "texture": "#3", "cullface": "east"},
				"east": {"uv": [8, 9, 14, 16], "texture": "#3", "cullface": "east"},
				"south": {"uv": [16, 0, 13, 7], "texture": "#3", "cullface": "east"},
				"west": {"uv": [8, 9, 14, 16], "texture": "#3", "cullface": "east"},
				"up": {"uv": [0, 0, 6, 3], "rotation": 270, "texture": "#3", "cullface": "east"}
			}
		},
		{
			"name": "n_0",
			"from": [0.85, 9.85, -1.15],
			"to": [8.15, 17.15, 2.15],
			"shade":false,
			"rotation": {"angle": -45, "axis": "x", "origin": [8, 8, 8]},
			"faces": {
				"north": {"uv": [0, 9, 7, 16], "texture": "#3", "cullface": "north"},
				"east": {"uv": [9, 0, 12, 7], "texture": "#3", "cullface": "north"},
				"south": {"uv": [0, 9, 7, 16], "texture": "#3", "cullface": "north"},
				"west": {"uv": [9, 0, 12, 7], "texture": "#3", "cullface": "north"},
				"up": {"uv": [7, 7, 0, 4], "texture": "#3", "cullface": "north"}
			}
		},
		{
			"name": "n_1",
			"from": [8, 5, -2],
			"to": [15, 12, 1],
			"shade":false,
			"rotation": {"angle": -22.5, "axis": "x", "origin": [8, 8, 8]},
			"faces": {
				"north": {"uv": [0, 9, 7, 16], "texture": "#3", "cullface": "north"},
				"east": {"uv": [9, 0, 12, 7], "texture": "#3", "cullface": "north"},
				"south": {"uv": [0, 9, 7, 16], "texture": "#3", "cullface": "north"},
				"west": {"uv": [9, 0, 12, 7], "texture": "#3", "cullface": "north"},
				"up": {"uv": [7, 7, 0, 4], "texture": "#3", "cullface": "north"}
			}
		},
		{
			"name": "n_2",
			"from": [7.85, 8.85, -0.15],
			"to": [14.15, 16.15, 3.15],
			"shade":false,
			"rotation": {"angle": -22.5, "axis": "x", "origin": [8, 8, 8]},
			"faces": {
				"north": {"uv": [8, 9, 14, 16], "texture": "#3", "cullface": "north"},
				"east": {"uv": [16, 0, 13, 7], "texture": "#3", "cullface": "north"},
				"south": {"uv": [8, 9, 14, 16], "texture": "#3", "cullface": "north"},
				"west": {"uv": [13, 0, 16, 7], "texture": "#3", "cullface": "north"},
				"up": {"uv": [6, 3, 0, 0], "texture": "#3", "cullface": "north"}
			}
		},
		{
			"name": "n_3",
			"from": [1, 11, 1],
			"to": [7, 18, 4],
			"shade":false,
			"rotation": {"angle": -22.5, "axis": "x", "origin": [8, 8, 8]},
			"faces": {
				"north": {"uv": [8, 9, 14, 16], "texture": "#3", "cullface": "north"},
				"east": {"uv": [16, 0, 13, 7], "texture": "#3", "cullface": "north"},
				"south": {"uv": [8, 9, 14, 16], "texture": "#3", "cullface": "north"},
				"west": {"uv": [13, 0, 16, 7], "texture": "#3", "cullface": "north"},
				"up": {"uv": [0, 3, 6, 0], "texture": "#3", "cullface": "north"}
			}
		},
		{
			"name": "s_0",
			"from": [8, 8, 16],
			"to": [15, 15, 19],
			"shade":false,
			"rotation": {"angle": 45, "axis": "x", "origin": [8, 8, 8]},
			"faces": {
				"north": {"uv": [0, 9, 7, 16], "texture": "#3", "cullface": "south"},
				"east": {"uv": [9, 0, 12, 7], "texture": "#3", "cullface": "south"},
				"south": {"uv": [0, 9, 7, 16], "texture": "#3", "cullface": "south"},
				"west": {"uv": [9, 0, 12, 7], "texture": "#3", "cullface": "south"},
				"up": {"uv": [0, 4, 7, 7], "texture": "#3", "cullface": "south"}
			}
		},
		{
			"name": "s_1",
			"from": [0.85, 8.85, 14.85],
			"to": [8.15, 16.15, 18.15],
			"shade":false,
			"rotation": {"angle": 45, "axis": "x", "origin": [8, 8, 8]},
			"faces": {
				"north": {"uv": [0, 9, 7, 16], "texture": "#3", "cullface": "south"},
				"east": {"uv": [9, 0, 12, 7], "texture": "#3", "cullface": "south"},
				"south": {"uv": [0, 9, 7, 16], "texture": "#3", "cullface": "south"},
				"west": {"uv": [9, 0, 12, 7], "texture": "#3", "cullface": "south"},
				"up": {"uv": [0, 4, 7, 7], "texture": "#3", "cullface": "south"}
			}
		},
		{
			"name": "s_2",
			"from": [7.85, 7.85, 13.85],
			"to": [14.15, 15.15, 17.15],
			"shade":false,
			"rotation": {"angle": 22.5, "axis": "x", "origin": [8, 8, 8]},
			"faces": {
				"north": {"uv": [8, 9, 14, 16], "texture": "#3", "cullface": "south"},
				"east": {"uv": [13, 0, 16, 7], "texture": "#3", "cullface": "south"},
				"south": {"uv": [8, 9, 14, 16], "texture": "#3", "cullface": "south"},
				"west": {"uv": [16, 0, 13, 7], "texture": "#3", "cullface": "south"},
				"up": {"uv": [6, 0, 0, 3], "texture": "#3", "cullface": "south"}
			}
		},
		{
			"name": "s_3",
			"from": [2, 9, 13],
			"to": [8, 16, 16],
			"shade":false,
			"rotation": {"angle": 22.5, "axis": "x", "origin": [8, 8, 8]},
			"faces": {
				"north": {"uv": [8, 9, 14, 16], "texture": "#3", "cullface": "south"},
				"east": {"uv": [13, 0, 16, 7], "texture": "#3", "cullface": "south"},
				"south": {"uv": [8, 9, 14, 16], "texture": "#3", "cullface": "south"},
				"west": {"uv": [16, 0, 13, 7], "texture": "#3", "cullface": "south"},
				"up": {"uv": [0, 0, 6, 3], "texture": "#3", "cullface": "south"}
			}
		},
		{
			"name": "d_0",
			"from": [5.75, -4.25, 5.75],
			"to": [10.25, 0.25, 10.25],
			"shade":false,
			"rotation": {"angle": 0, "axis": "y", "origin": [8, 8, 8]},
			"faces": {
				"north": {"uv": [16, 12, 12, 8], "texture": "#2", "cullface": "down"},
				"east": {"uv": [12, 12, 16, 8], "texture": "#2", "cullface": "down"},
				"south": {"uv": [16, 12, 12, 8], "texture": "#2", "cullface": "down"},
				"west": {"uv": [12, 12, 16, 8], "texture": "#2", "cullface": "down"},
				"down": {"uv": [12, 4, 16, 8], "texture": "#2", "cullface": "down"}
			}
		},
		{
			"name": "d_1",
			"from": [0.85, -4.15, 2.85],
			"to": [4.15, 0.15, 15.15],
			"shade":false,
			"rotation": {"angle": 0, "axis": "y", "origin": [8, 8, 8]},
			"faces": {
				"north": {"uv": [13, 16, 16, 12], "texture": "#2", "cullface": "down"},
				"east": {"uv": [0, 16, 12, 12], "texture": "#2", "cullface": "down"},
				"south": {"uv": [8, 12, 5, 8], "texture": "#2", "cullface": "down"},
				"west": {"uv": [12, 16, 0, 12], "texture": "#2", "cullface": "down"},
				"down": {"uv": [0, 5, 12, 8], "rotation": 90, "texture": "#2", "cullface": "down"}
			}
		},
		{
			"name": "d_2",
			"from": [-0.1, -1.6, 11.9],
			"to": [5.1, 2.6, 15.1],
			"shade":false,
			"rotation": {"angle": 22.5, "axis": "z", "origin": [8, 8, 8]},
			"faces": {
				"north": {"uv": [0, 12, 5, 8], "texture": "#2", "cullface": "down"},
				"east": {"uv": [13, 16, 16, 12], "texture": "#2", "cullface": "down"},
				"south": {"uv": [5, 12, 0, 8], "texture": "#2", "cullface": "down"},
				"west": {"uv": [16, 16, 13, 12], "texture": "#2", "cullface": "down"},
				"down": {"uv": [0, 0, 3, 5], "rotation": 90, "texture": "#2", "cullface": "down"}
			}
		},
		{
			"name": "d_3",
			"from": [4.85, -4.15, 0.85],
			"to": [12.15, 0.15, 4.15],
			"shade":false,
			"rotation": {"angle": -22.5, "axis": "y", "origin": [8, 8, 8]},
			"faces": {
				"north": {"uv": [7, 13, 0, 9], "texture": "#3", "cullface": "down"},
				"east": {"uv": [13, 16, 16, 12], "texture": "#2", "cullface": "down"},
				"south": {"uv": [0, 13, 7, 9], "texture": "#3", "cullface": "down"},
				"west": {"uv": [16, 16, 13, 12], "texture": "#2", "cullface": "down"},
				"down": {"uv": [7, 7, 0, 4], "rotation": 180, "texture": "#3", "cullface": "down"}
			}
		},
		{
			"name": "d_4",
			"from": [11.85, -1.15, 0.85],
			"to": [15.15, 3.15, 12.15],
			"shade":false,
			"rotation": {"angle": -22.5, "axis": "x", "origin": [8, 8, 8]},
			"faces": {
				"north": {"uv": [11, 4, 8, 0], "texture": "#2", "cullface": "down"},
				"east": {"uv": [1, 16, 12, 12], "texture": "#2", "cullface": "down"},
				"south": {"uv": [8, 4, 11, 0], "texture": "#2", "cullface": "down"},
				"west": {"uv": [12, 16, 1, 12], "texture": "#2", "cullface": "down"},
				"down": {"uv": [5, 3, 16, 0], "rotation": 90, "texture": "#2", "cullface": "down"}
			}
		}
	],
	"groups": [
		{
			"name": "stone",
			"origin": [8, 8, 8],
			"color": 0,
			"children": [
				0,
				{
					"name": "ore",
					"origin": [8, 8, 8],
					"color": 0,
					"children": [1, 2, 3, 4, 5, 6, 7, 8, 9, 10, 11, 12, 13, 14, 15, 16, 17, 18, 19, 20, 21, 22, 23, 24, 25, 26]
				}
			]
		}
	]
}