{
	"credit": "Model created by Zorak Design - Contact me on discord for work: CesarZorak#0808",
	"parent": "block/block_pro",
	"ambientocclusion": false,
	"elements": [
		{
			"name": "block",
			"from": [0, 0, 0],
			"to": [16, 16, 16],
			"rotation": {"angle": 0, "axis": "y", "origin": [8, 8, 8]},
			"faces": {
				"north": {"uv": [0, 0, 16, 16], "texture": "#0", "cullface": "north"},
				"east": {"uv": [0, 0, 16, 16], "texture": "#0", "cullface": "east"},
				"south": {"uv": [0, 0, 16, 16], "texture": "#0", "cullface": "south"},
				"west": {"uv": [0, 0, 16, 16], "texture": "#0", "cullface": "west"},
				"up": {"uv": [0, 0, 16, 16], "texture": "#0", "cullface": "up"},
				"down": {"uv": [0, 0, 16, 16], "texture": "#0", "cullface": "down"}
			}
		},
		{
			"name": "t_0",
			"from": [5, 15.5, 5],
			"to": [11, 18.5, 11],
			"shade":false,
			"rotation": {"angle": 22.5, "axis": "z", "origin": [8, 8, 8]},
			"faces": {
				"north": {"uv": [10, 5, 13, 11], "rotation": 90, "texture": "#1", "cullface": "up"},
				"east": {"uv": [5, 10, 11, 13], "texture": "#1", "cullface": "up"},
				"south": {"uv": [6, 11, 3, 5], "rotation": 90, "texture": "#1", "cullface": "up"},
				"west": {"uv": [11, 6, 5, 3], "texture": "#1", "cullface": "up"},
				"up": {"uv": [5, 5, 11, 11], "rotation": 270, "texture": "#1", "cullface": "up"}
			}
		},
		{
			"name": "t_1",
			"from": [7.85, 15.85, 8.85],
			"to": [13.15, 18.15, 14.15],
			"shade":false,
			"rotation": {"angle": 22.5, "axis": "y", "origin": [8, 8, 8]},
			"faces": {
				"north": {"uv": [10, 10, 15, 8], "texture": "#1", "cullface": "up"},
				"east": {"uv": [14, 9, 16, 14], "rotation": 90, "texture": "#1", "cullface": "up"},
				"south": {"uv": [10, 13, 15, 15], "texture": "#1", "cullface": "up"},
				"west": {"uv": [11, 14, 9, 9], "rotation": 90, "texture": "#1", "cullface": "up"},
				"up": {"uv": [10, 9, 15, 14], "texture": "#1", "cullface": "up"}
			}
		},
		{
			"name": "t_2",
			"from": [7.85, 15.85, 0.85],
			"to": [11.15, 17.15, 4.15],
			"shade":false,
			"rotation": {"angle": -22.5, "axis": "y", "origin": [8, 8, 8]},
			"faces": {
				"north": {"uv": [11, 1, 8, 2], "texture": "#1", "cullface": "up"},
				"east": {"uv": [10, 1, 11, 4], "rotation": 90, "texture": "#1", "cullface": "up"},
				"south": {"uv": [8, 3, 11, 4], "texture": "#1", "cullface": "up"},
				"west": {"uv": [8, 4, 9, 1], "rotation": 90, "texture": "#1", "cullface": "up"},
				"up": {"uv": [8, 1, 11, 4], "texture": "#1", "cullface": "up"}
			}
		},
		{
			"name": "t_3",
			"from": [2.85, 15.85, 1.85],
			"to": [6.15, 18.15, 5.15],
			"shade":false,
			"rotation": {"angle": 0, "axis": "y", "origin": [8, 8, 8]},
			"faces": {
				"north": {"uv": [5, 3, 2, 1], "texture": "#1", "cullface": "up"},
				"east": {"uv": [4, 2, 6, 5], "rotation": 90, "texture": "#1", "cullface": "up"},
				"south": {"uv": [2, 4, 5, 6], "texture": "#1", "cullface": "up"},
				"west": {"uv": [3, 5, 1, 2], "rotation": 90, "texture": "#1", "cullface": "up"},
				"up": {"uv": [2, 2, 5, 5], "texture": "#1", "cullface": "up"}
			}
		},
		{
			"name": "t_4",
			"from": [7.85, 15.85, 10.85],
			"to": [10.15, 17.15, 13.15],
			"shade":false,
			"rotation": {"angle": 0, "axis": "y", "origin": [8, 8, 8]},
			"faces": {
				"north": {"uv": [11, 11, 9, 12], "texture": "#1", "cullface": "up"},
				"east": {"uv": [9, 11, 10, 13], "rotation": 90, "texture": "#1", "cullface": "up"},
				"south": {"uv": [8, 12, 10, 13], "texture": "#1", "cullface": "up"},
				"west": {"uv": [8, 13, 9, 11], "rotation": 90, "texture": "#1", "cullface": "up"},
				"up": {"uv": [8, 11, 10, 13], "texture": "#1", "cullface": "up"}
			}
		},
		{
			"name": "n_0",
			"from": [1, 6, -2],
			"to": [7, 12, 1],
			"shade":false,
			"rotation": {"angle": -22.5, "axis": "x", "origin": [8, 8, 8]},
			"faces": {
				"north": {"uv": [7, 6, 13, 12], "texture": "#1", "cullface": "north"},
				"east": {"uv": [5, 6, 8, 12], "texture": "#1", "cullface": "north"},
				"south": {"uv": [0, 0, 0, 0], "texture": "#1", "cullface": "north"},
				"west": {"uv": [12, 6, 15, 12], "texture": "#1", "cullface": "north"},
				"up": {"uv": [13, 7, 7, 4], "texture": "#1", "cullface": "north"},
				"down": {"uv": [13, 14, 7, 11], "texture": "#1", "cullface": "north"}
			}
		},
		{
			"name": "n_1",
			"from": [0.85, 5.85, -2.15],
			"to": [4.15, 9.15, 0.15],
			"shade":false,
			"rotation": {"angle": -22.5, "axis": "z", "origin": [8, 8, 8]},
			"faces": {
				"north": {"uv": [12, 11, 15, 14], "texture": "#1", "cullface": "north"},
				"east": {"uv": [10, 11, 12, 14], "texture": "#1", "cullface": "north"},
				"south": {"uv": [0, 0, 0, 0], "texture": "#1", "cullface": "north"},
				"west": {"uv": [14, 12, 16, 15], "texture": "#1", "cullface": "north"},
				"up": {"uv": [15, 12, 12, 10], "texture": "#1", "cullface": "north"},
				"down": {"uv": [15, 15, 12, 13], "texture": "#1", "cullface": "north"}
			}
		},
		{
			"name": "n_2",
			"from": [8.85, 2.85, -2.15],
			"to": [14.15, 8.15, 0.15],
			"shade":false,
			"rotation": {"angle": 22.5, "axis": "z", "origin": [8, 8, 8]},
			"faces": {
				"north": {"uv": [1, 8, 6, 13], "texture": "#1", "cullface": "north"},
				"east": {"uv": [0, 8, 2, 13], "texture": "#1", "cullface": "north"},
				"south": {"uv": [0, 0, 0, 0], "texture": "#1", "cullface": "north"},
				"west": {"uv": [5, 8, 7, 13], "texture": "#1", "cullface": "north"},
				"up": {"uv": [6, 9, 1, 7], "texture": "#1", "cullface": "north"},
				"down": {"uv": [6, 14, 1, 12], "texture": "#1", "cullface": "north"}
			}
		},
		{
			"name": "n_3",
			"from": [7.85, 10.85, -2.15],
			"to": [12.15, 15.15, 0.15],
			"shade":false,
			"rotation": {"angle": 0, "axis": "y", "origin": [8, 8, 8]},
			"faces": {
				"north": {"uv": [4, 1, 8, 5], "texture": "#1", "cullface": "north"},
				"east": {"uv": [3, 1, 5, 5], "texture": "#1", "cullface": "north"},
				"south": {"uv": [0, 0, 0, 0], "texture": "#1", "cullface": "north"},
				"west": {"uv": [7, 1, 9, 5], "texture": "#1", "cullface": "north"},
				"up": {"uv": [8, 2, 4, 0], "texture": "#1", "cullface": "north"},
				"down": {"uv": [8, 6, 4, 4], "texture": "#1", "cullface": "north"}
			}
		},
		{
			"name": "s_0",
			"from": [3.85, 7.85, 15.85],
			"to": [10.15, 14.15, 18.15],
			"shade":false,
			"rotation": {"angle": 22.5, "axis": "z", "origin": [8, 8, 8]},
			"faces": {
				"north": {"uv": [0, 0, 0, 0], "texture": "#1", "cullface": "south"},
				"east": {"uv": [7, 2, 9, 8], "texture": "#1", "cullface": "south"},
				"south": {"uv": [2, 2, 8, 8], "texture": "#1", "cullface": "south"},
				"west": {"uv": [1, 2, 3, 8], "texture": "#1", "cullface": "south"},
				"up": {"uv": [2, 1, 8, 3], "texture": "#1", "cullface": "south"},
				"down": {"uv": [2, 8, 8, 6], "texture": "#1", "cullface": "south"}
			}
		},
		{
			"name": "s_1",
			"from": [6, 3, 16],
			"to": [11, 8, 18],
			"shade":false,
			"rotation": {"angle": 22.5, "axis": "y", "origin": [8, 8, 8]},
			"faces": {
				"north": {"uv": [0, 0, 0, 0], "texture": "#1", "cullface": "south"},
				"east": {"uv": [13, 8, 15, 13], "texture": "#1", "cullface": "south"},
				"south": {"uv": [9, 8, 14, 13], "texture": "#1", "cullface": "south"},
				"west": {"uv": [8, 8, 10, 13], "texture": "#1", "cullface": "south"},
				"up": {"uv": [9, 11, 14, 13], "texture": "#1", "cullface": "south"},
				"down": {"uv": [9, 14, 14, 12], "texture": "#1", "cullface": "south"}
			}
		},
		{
			"name": "s_2",
			"from": [11.85, 9.85, 15.85],
			"to": [15.15, 13.15, 17.15],
			"shade":false,
			"rotation": {"angle": 0, "axis": "y", "origin": [8, 8, 8]},
			"faces": {
				"north": {"uv": [0, 0, 0, 0], "texture": "#1", "cullface": "south"},
				"east": {"uv": [14, 3, 15, 6], "texture": "#1", "cullface": "south"},
				"south": {"uv": [12, 3, 15, 6], "texture": "#1", "cullface": "south"},
				"west": {"uv": [12, 3, 13, 6], "texture": "#1", "cullface": "south"},
				"up": {"uv": [12, 3, 15, 4], "texture": "#1", "cullface": "south"},
				"down": {"uv": [12, 6, 15, 5], "texture": "#1", "cullface": "south"}
			}
		},
		{
			"name": "s_3",
			"from": [2.85, 4.85, 15.85],
			"to": [5.15, 7.15, 17.15],
			"shade":false,
			"rotation": {"angle": 0, "axis": "y", "origin": [8, 8, 8]},
			"faces": {
				"north": {"uv": [0, 0, 0, 0], "texture": "#1", "cullface": "south"},
				"east": {"uv": [4, 9, 5, 11], "texture": "#1", "cullface": "south"},
				"south": {"uv": [3, 9, 5, 11], "texture": "#1", "cullface": "south"},
				"west": {"uv": [3, 9, 4, 11], "texture": "#1", "cullface": "south"},
				"up": {"uv": [3, 9, 5, 10], "texture": "#1", "cullface": "south"},
				"down": {"uv": [3, 11, 5, 10], "texture": "#1", "cullface": "south"}
			}
		},
		{
			"name": "e_0",
			"from": [15, 5, 5],
			"to": [18, 11, 11],
			"shade":false,
			"rotation": {"angle": -22.5, "axis": "y", "origin": [8, 8, 8]},
			"faces": {
				"north": {"uv": [7, 5, 10, 11], "texture": "#1", "cullface": "east"},
				"east": {"uv": [2, 5, 8, 11], "texture": "#1", "cullface": "east"},
				"south": {"uv": [0, 5, 3, 11], "texture": "#1", "cullface": "east"},
				"west": {"uv": [0, 0, 0, 0], "texture": "#1", "cullface": "east"},
				"up": {"uv": [8, 6, 2, 3], "rotation": 90, "texture": "#1", "cullface": "east"},
				"down": {"uv": [2, 10, 8, 13], "rotation": 90, "texture": "#1", "cullface": "east"}
			}
		},
		{
			"name": "e_1",
			"from": [15.85, 9.85, 6.85],
			"to": [18.15, 13.15, 10.15],
			"shade":false,
			"rotation": {"angle": -22.5, "axis": "x", "origin": [8, 8, 8]},
			"faces": {
				"north": {"uv": [9, 3, 11, 6], "texture": "#1", "cullface": "east"},
				"east": {"uv": [7, 3, 10, 6], "texture": "#1", "cullface": "east"},
				"south": {"uv": [6, 3, 8, 6], "texture": "#1", "cullface": "east"},
				"west": {"uv": [0, 0, 0, 0], "texture": "#1", "cullface": "east"},
				"up": {"uv": [10, 4, 7, 2], "rotation": 90, "texture": "#1", "cullface": "east"},
				"down": {"uv": [7, 5, 10, 7], "rotation": 90, "texture": "#1", "cullface": "east"}
			}
		},
		{
			"name": "e_2",
			"from": [15.85, 0.85, 0.85],
			"to": [18.15, 6.15, 6.15],
			"shade":false,
			"rotation": {"angle": 0, "axis": "y", "origin": [8, 8, 8]},
			"faces": {
				"north": {"uv": [14, 10, 16, 15], "texture": "#1", "cullface": "east"},
				"east": {"uv": [10, 10, 15, 15], "texture": "#1", "cullface": "east"},
				"south": {"uv": [9, 10, 11, 15], "texture": "#1", "cullface": "east"},
				"west": {"uv": [0, 0, 0, 0], "texture": "#1", "cullface": "east"},
				"up": {"uv": [15, 11, 10, 9], "rotation": 90, "texture": "#1", "cullface": "east"},
				"down": {"uv": [10, 14, 15, 16], "rotation": 90, "texture": "#1", "cullface": "east"}
			}
		},
		{
			"name": "w_0",
			"from": [-3.15, 6.85, 6.85],
			"to": [0.15, 13.15, 13.15],
			"shade":false,
			"rotation": {"angle": 45, "axis": "x", "origin": [8, 8, 8]},
			"faces": {
				"north": {"uv": [5, 3, 8, 9], "texture": "#1", "cullface": "west"},
				"east": {"uv": [0, 0, 0, 0], "texture": "#1", "cullface": "west"},
				"south": {"uv": [12, 3, 15, 9], "texture": "#1", "cullface": "west"},
				"west": {"uv": [7, 3, 13, 9], "texture": "#1", "cullface": "west"},
				"up": {"uv": [7, 1, 13, 4], "rotation": 90, "texture": "#1", "cullface": "west"},
				"down": {"uv": [13, 11, 7, 8], "rotation": 90, "texture": "#1", "cullface": "west"}
			}
		},
		{
			"name": "w_1",
			"from": [0.5, 1, 1],
			"to": [2.5, 6, 6],
			"shade":false,
			"rotation": {"angle": -22.5, "axis": "z", "origin": [8, 8, 8]},
			"faces": {
				"north": {"uv": [0, 7, 2, 12], "texture": "#1", "cullface": "west"},
				"east": {"uv": [0, 0, 0, 0], "texture": "#1", "cullface": "west"},
				"south": {"uv": [4, 9, 6, 14], "texture": "#1", "cullface": "west"},
				"west": {"uv": [1, 7, 6, 12], "texture": "#1", "cullface": "west"},
				"up": {"uv": [1, 6, 6, 8], "rotation": 90, "texture": "#1", "cullface": "west"},
				"down": {"uv": [6, 13, 1, 11], "rotation": 90, "texture": "#1", "cullface": "west"}
			}
		},
		{
			"name": "w_2",
			"from": [-2.15, -0.15, 8.85],
			"to": [0.15, 3.15, 12.15],
			"shade":false,
			"rotation": {"angle": -22.5, "axis": "x", "origin": [8, 8, 8]},
			"faces": {
				"north": {"uv": [10, 11, 12, 14], "texture": "#1", "cullface": "west"},
				"east": {"uv": [0, 0, 0, 0], "texture": "#1", "cullface": "west"},
				"south": {"uv": [13, 11, 15, 14], "texture": "#1", "cullface": "west"},
				"west": {"uv": [11, 11, 14, 14], "texture": "#1", "cullface": "west"},
				"up": {"uv": [11, 10, 14, 12], "rotation": 90, "texture": "#1", "cullface": "west"},
				"down": {"uv": [14, 15, 11, 13], "rotation": 90, "texture": "#1", "cullface": "west"}
			}
		},
		{
			"name": "d_0",
			"from": [4.85, -3.15, 2.85],
			"to": [11.15, 0.15, 9.15],
			"shade":false,
			"rotation": {"angle": 22.5, "axis": "y", "origin": [8, 8, 8]},
			"faces": {
				"north": {"uv": [11, 15, 5, 12], "texture": "#1", "cullface": "down"},
				"east": {"uv": [13, 13, 10, 7], "rotation": 90, "texture": "#1", "cullface": "down"},
				"south": {"uv": [5, 5, 11, 8], "texture": "#1", "cullface": "down"},
				"west": {"uv": [3, 7, 6, 13], "rotation": 90, "texture": "#1", "cullface": "down"},
				"up": {"uv": [0, 0, 0, 0], "texture": "#1", "cullface": "down"},
				"down": {"uv": [5, 7, 11, 13], "texture": "#1", "cullface": "down"}
			}
		},
		{
			"name": "d_1",
			"from": [10, -2, 7],
			"to": [15, 0, 12],
			"shade":false,
			"rotation": {"angle": -22.5, "axis": "x", "origin": [8, 8, 8]},
			"faces": {
				"north": {"uv": [15, 7, 10, 5], "texture": "#1", "cullface": "down"},
				"east": {"uv": [16, 6, 14, 1], "rotation": 90, "texture": "#1", "cullface": "down"},
				"south": {"uv": [10, 0, 15, 2], "texture": "#1", "cullface": "down"},
				"west": {"uv": [9, 1, 11, 6], "rotation": 90, "texture": "#1", "cullface": "down"},
				"up": {"uv": [0, 0, 0, 0], "texture": "#1", "cullface": "down"},
				"down": {"uv": [10, 1, 15, 6], "texture": "#1", "cullface": "down"}
			}
		},
		{
			"name": "d_2",
			"from": [2.85, -2.15, 8.85],
			"to": [6.15, 0.15, 12.15],
			"shade":false,
			"rotation": {"angle": 0, "axis": "y", "origin": [8, 8, 8]},
			"faces": {
				"north": {"uv": [6, 9, 3, 7], "texture": "#1", "cullface": "down"},
				"east": {"uv": [7, 8, 5, 5], "rotation": 90, "texture": "#1", "cullface": "down"},
				"south": {"uv": [3, 4, 6, 6], "texture": "#1", "cullface": "down"},
				"west": {"uv": [2, 5, 4, 8], "rotation": 90, "texture": "#1", "cullface": "down"},
				"up": {"uv": [0, 0, 0, 0], "texture": "#1", "cullface": "down"},
				"down": {"uv": [3, 5, 6, 8], "texture": "#1", "cullface": "down"}
			}
		},
		{
			"name": "d_3",
			"from": [10.85, -1.15, 4.85],
			"to": [13.15, 0.15, 7.15],
			"shade":false,
			"rotation": {"angle": -45, "axis": "y", "origin": [8, 8, 8]},
			"faces": {
				"north": {"uv": [14, 12, 12, 11], "texture": "#1", "cullface": "down"},
				"east": {"uv": [14, 12, 13, 10], "rotation": 90, "texture": "#1", "cullface": "down"},
				"south": {"uv": [12, 10, 14, 11], "texture": "#1", "cullface": "down"},
				"west": {"uv": [12, 10, 13, 12], "rotation": 90, "texture": "#1", "cullface": "down"},
				"up": {"uv": [0, 0, 0, 0], "texture": "#1", "cullface": "down"},
				"down": {"uv": [12, 10, 14, 12], "texture": "#1", "cullface": "down"}
			}
		}
	],
	"groups": [
		{
			"name": "stone",
			"origin": [8, 8, 8],
			"color": 0,
			"children": [
				0,
				{
					"name": "ore",
					"origin": [8, 8, 8],
					"color": 0,
					"children": [1, 2, 3, 4, 5, 6, 7, 8, 9, 10, 11, 12, 13, 14, 15, 16, 17, 18, 19, 20, 21, 22, 23]
				}
			]
		}
	]
}