{
	"credit": "Made with Blockbench",
	"parent": "block/block",
	"textures": {
		"3": "create:block/crafter_thingies"
	},
	"elements": [
		{
			"name": "arrow",
			"from": [-0.5, 11.75, 5],
			"to": [0.5, 13.75, 11],
			"faces": {
				"north": {"uv": [12, 0, 14, 1], "rotation": 270, "texture": "#3"},
				"south": {"uv": [12, 5, 14, 6], "rotation": 270, "texture": "#3"},
				"west": {"uv": [12, 0, 14, 6], "rotation": 270, "texture": "#3"},
				"up": {"uv": [13, 0, 14, 6], "texture": "#3"},
				"down": {"uv": [12, 0, 13, 6], "texture": "#3"}
			}
		},
		{
			"name": "arrow",
			"from": [-0.5, 13.75, 6],
			"to": [0.5, 14.75, 10],
			"faces": {
				"north": {"uv": [14, 1, 15, 2], "rotation": 270, "texture": "#3"},
				"south": {"uv": [14, 4, 15, 5], "rotation": 270, "texture": "#3"},
				"west": {"uv": [14, 1, 15, 5], "rotation": 270, "texture": "#3"},
				"up": {"uv": [14, 1, 15, 5], "texture": "#3"}
			}
		},
		{
			"name": "arrow",
			"from": [-0.5, 14.75, 7],
			"to": [0.5, 15.75, 9],
			"faces": {
				"north": {"uv": [15, 2, 16, 3], "rotation": 270, "texture": "#3"},
				"south": {"uv": [15, 3, 16, 4], "rotation": 270, "texture": "#3"},
				"west": {"uv": [15, 2, 16, 4], "rotation": 270, "texture": "#3"},
				"up": {"uv": [15, 2, 16, 4], "texture": "#3"}
			}
		}
	]
}