{
	"credit": "Made with Blockbench",
	"parent": "block/block",
	"textures": {
		"1": "create:block/content_observer_top",
		"3": "create:block/stockpile_switch_middle",
		"4": "create:block/stockpile_switch_face",
		"5": "create:block/brass_rim",
		"6": "create:block/brass_casing",
		"particle": "create:block/content_observer_top",
		"indicator": "create:block/indicator/0"
	},
	"elements": [
		{
			"name": "Bottom Plate",
			"from": [0, 0, 0],
			"to": [16, 2, 16],
			"faces": {
				"north": {"uv": [0, 14, 16, 16], "texture": "#6"},
				"east": {"uv": [0, 14, 16, 16], "texture": "#6"},
				"south": {"uv": [0, 14, 16, 16], "texture": "#6"},
				"west": {"uv": [0, 14, 16, 16], "texture": "#6"},
				"up": {"uv": [0, 0, 16, 16], "rotation": 90, "texture": "#5"},
				"down": {"uv": [0, 0, 16, 16], "rotation": 270, "texture": "#6"}
			}
		},
		{
			"name": "Top Plate",
			"from": [0, 14, 0],
			"to": [16, 16, 16],
			"faces": {
				"north": {"uv": [0, 0, 16, 2], "texture": "#1"},
				"east": {"uv": [0, 0, 16, 2], "texture": "#1"},
				"south": {"uv": [0, 0, 16, 2], "texture": "#1"},
				"west": {"uv": [0, 0, 16, 2], "texture": "#1"},
				"up": {"uv": [0, 0, 16, 16], "rotation": 180, "texture": "#1"},
				"down": {"uv": [0, 0, 16, 16], "rotation": 270, "texture": "#5"}
			}
		},
		{
			"name": "Center",
			"from": [1, 2, 1],
			"to": [15, 14, 15],
			"faces": {
				"north": {"uv": [0, 0, 12, 14], "rotation": 90, "texture": "#3"},
				"east": {"uv": [0, 0, 12, 14], "rotation": 90, "texture": "#3"},
				"south": {"uv": [0, 0, 12, 14], "rotation": 90, "texture": "#3"},
				"west": {"uv": [0, 0, 12, 14], "rotation": 90, "texture": "#3"},
				"up": {"uv": [1, 1, 15, 15], "rotation": 90, "texture": "#6"},
				"down": {"uv": [1, 1, 15, 15], "rotation": 270, "texture": "#6"}
			}
		},
		{
			"name": "Indicator",
			"from": [3.15, 3.15, -1.6],
			"to": [12.85, 12.85, 1.1],
			"faces": {
				"north": {"uv": [0, 0, 10, 10], "texture": "#4"},
				"east": {"uv": [10, 0, 13, 10], "texture": "#4"},
				"west": {"uv": [10, 0, 13, 10], "texture": "#4"},
				"up": {"uv": [10, 0, 13, 10], "rotation": 90, "texture": "#4"},
				"down": {"uv": [10, 0, 13, 10], "rotation": 270, "texture": "#4"}
			}
		},
		{
			"name": "Indicator",
			"from": [13, 2, 6],
			"to": [16, 14, 10],
			"faces": {
				"north": {"uv": [0, 0, 3, 12], "texture": "#indicator"},
				"east": {"uv": [0, 0, 4, 12], "texture": "#indicator"},
				"south": {"uv": [1, 0, 4, 12], "texture": "#indicator"}
			}
		},
		{
			"name": "Indicator",
			"from": [0, 2, 6],
			"to": [3, 14, 10],
			"faces": {
				"north": {"uv": [3, 0, 0, 12], "texture": "#indicator"},
				"south": {"uv": [4, 0, 1, 12], "texture": "#indicator"},
				"west": {"uv": [4, 0, 0, 12], "texture": "#indicator"}
			}
		},
		{
			"name": "Indicator",
			"from": [6, 2, 13],
			"to": [10, 14, 16],
			"faces": {
				"east": {"uv": [4, 0, 1, 12], "texture": "#indicator"},
				"south": {"uv": [4, 0, 0, 12], "texture": "#indicator"},
				"west": {"uv": [3, 0, 0, 12], "texture": "#indicator"}
			}
		}
	],
	"display": {
		"gui": {
			"rotation": [30, -135, 0],
			"scale": [0.625, 0.625, 0.625]
		}
	}
}