{
	"credit": "Made with Blockbench",
	"parent": "block/block",
	"ambientocclusion": false,
	"textures": {
		"particle": "ae2:block/molecular_assembler",
		"outside": "ae2:block/molecular_assembler",
		"glass": "ae2:block/molecular_assembler_glass"
	},
	"elements": [
		{
			"from": [15, 1, 15],
			"to": [16, 15, 16],
			"shade": false,
			"faces": {
				"north": {"uv": [1, 0, 15, 1], "rotation": 270, "texture": "#outside"},
				"east": {"uv": [1, 0, 15, 1], "rotation": 270, "texture": "#outside"},
				"south": {"uv": [1, 0, 15, 1], "rotation": 270, "texture": "#outside"},
				"west": {"uv": [1, 0, 15, 1], "rotation": 90, "texture": "#outside"}
			}
		},
		{
			"from": [0, 1, 15],
			"to": [1, 15, 16],
			"shade": false,
			"faces": {
				"north": {"uv": [1, 0, 15, 1], "rotation": 270, "texture": "#outside"},
				"east": {"uv": [1, 0, 15, 1], "rotation": 270, "texture": "#outside"},
				"south": {"uv": [1, 0, 15, 1], "rotation": 270, "texture": "#outside"},
				"west": {"uv": [1, 0, 15, 1], "rotation": 90, "texture": "#outside"}
			}
		},
		{
			"from": [0, 1, 0],
			"to": [1, 15, 1],
			"shade": false,
			"faces": {
				"north": {"uv": [1, 0, 15, 1], "rotation": 270, "texture": "#outside"},
				"east": {"uv": [1, 0, 15, 1], "rotation": 270, "texture": "#outside"},
				"south": {"uv": [1, 0, 15, 1], "rotation": 270, "texture": "#outside"},
				"west": {"uv": [1, 0, 15, 1], "rotation": 90, "texture": "#outside"}
			}
		},
		{
			"from": [15, 1, 0],
			"to": [16, 15, 1],
			"shade": false,
			"faces": {
				"north": {"uv": [1, 0, 15, 1], "rotation": 270, "texture": "#outside"},
				"east": {"uv": [1, 0, 15, 1], "rotation": 270, "texture": "#outside"},
				"south": {"uv": [1, 0, 15, 1], "rotation": 270, "texture": "#outside"},
				"west": {"uv": [1, 0, 15, 1], "rotation": 90, "texture": "#outside"}
			}
		},
		{
			"name": "Base",
			"from": [0, 0, 0],
			"to": [16, 1, 16],
			"faces": {
				"north": {"uv": [0, 0, 16, 1], "texture": "#outside"},
				"east": {"uv": [0, 0, 16, 1], "texture": "#outside"},
				"south": {"uv": [0, 0, 16, 1], "texture": "#outside"},
				"west": {"uv": [0, 0, 16, 1], "texture": "#outside"},
				"up": {"uv": [0, 0, 16, 16], "texture": "#outside"},
				"down": {"uv": [0, 0, 16, 16], "texture": "#outside"}
			}
		},
		{
			"name": "Top",
			"from": [0, 15, 0],
			"to": [16, 16, 16],
			"faces": {
				"north": {"uv": [0, 0, 16, 1], "texture": "#outside"},
				"east": {"uv": [0, 0, 16, 1], "texture": "#outside"},
				"south": {"uv": [0, 0, 16, 1], "texture": "#outside"},
				"west": {"uv": [0, 0, 16, 1], "texture": "#outside"},
				"up": {"uv": [0, 0, 16, 16], "texture": "#outside"},
				"down": {"uv": [0, 0, 16, 16], "texture": "#outside"}
			}
		},
		{
			"from": [1, 14, 1],
			"to": [2, 15, 15],
			"faces": {
				"east": {"uv": [1, 1, 15, 2], "texture": "#outside"},
				"west": {"uv": [1, 1, 15, 2], "texture": "#outside"},
				"up": {"uv": [1, 1, 2, 15], "texture": "#outside"},
				"down": {"uv": [1, 1, 2, 15], "texture": "#outside"}
			}
		},
		{
			"from": [14, 14, 1],
			"to": [15, 15, 15],
			"faces": {
				"east": {"uv": [1, 1, 15, 2], "texture": "#outside"},
				"west": {"uv": [1, 1, 15, 2], "texture": "#outside"},
				"up": {"uv": [1, 1, 2, 15], "texture": "#outside"},
				"down": {"uv": [1, 1, 2, 15], "texture": "#outside"}
			}
		},
		{
			"from": [1, 13, 11],
			"to": [15, 14, 12],
			"faces": {
				"north": {"uv": [1, 1, 15, 2], "texture": "#outside"},
				"east": {"uv": [1, 1, 2, 2], "texture": "#outside"},
				"south": {"uv": [1, 1, 15, 2], "texture": "#outside"},
				"west": {"uv": [1, 1, 2, 2], "texture": "#outside"},
				"up": {"uv": [1, 1, 2, 15], "rotation": 270, "texture": "#outside"},
				"down": {"uv": [1, 1, 2, 15], "rotation": 90, "texture": "#outside"}
			}
		},
		{
			"from": [3.5, 12.6, 10.5],
			"to": [5.5, 14.6, 12.5],
			"faces": {
				"north": {"uv": [0, 0, 2, 2], "texture": "#outside"},
				"east": {"uv": [0, 0, 2, 2], "texture": "#outside"},
				"south": {"uv": [0, 0, 2, 2], "texture": "#outside"},
				"west": {"uv": [0, 0, 2, 2], "texture": "#outside"},
				"up": {"uv": [0, 0, 2, 2], "texture": "#outside"},
				"down": {"uv": [0, 0, 2, 2], "texture": "#outside"}
			}
		},
		{
			"from": [4, 9, 11],
			"to": [5, 13, 12],
			"faces": {
				"north": {"uv": [15, 5, 16, 9], "texture": "#outside"},
				"east": {"uv": [15, 5, 16, 9], "texture": "#outside"},
				"south": {"uv": [15, 5, 16, 9], "texture": "#outside"},
				"west": {"uv": [15, 5, 16, 9], "texture": "#outside"},
				"up": {"uv": [15, 5, 16, 6], "texture": "#outside"},
				"down": {"uv": [15, 5, 16, 6], "texture": "#outside"}
			}
		},
		{
			"from": [4, 10, 10],
			"to": [6, 12, 13],
			"faces": {
				"north": {"uv": [7, 5, 5, 7], "texture": "#outside"},
				"east": {"uv": [7, 5, 10, 7], "texture": "#outside"},
				"south": {"uv": [5, 5, 7, 7], "texture": "#outside"},
				"west": {"uv": [15, 8, 16, 11], "rotation": 90, "texture": "#outside"},
				"up": {"uv": [13, 12, 15, 15], "texture": "#outside"},
				"down": {"uv": [5, 6, 7, 9], "texture": "#outside"}
			}
		},
		{
			"from": [2, 1, 13],
			"to": [3, 15, 14],
			"faces": {
				"north": {"uv": [1, 1, 2, 15], "texture": "#outside"},
				"east": {"uv": [1, 1, 2, 15], "texture": "#outside"},
				"south": {"uv": [1, 1, 2, 15], "texture": "#outside"},
				"west": {"uv": [1, 1, 2, 15], "texture": "#outside"},
				"up": {"uv": [1, 1, 2, 2], "texture": "#outside"},
				"down": {"uv": [1, 1, 2, 2], "texture": "#outside"}
			}
		},
		{
			"from": [13, 1, 13],
			"to": [14, 15, 14],
			"faces": {
				"north": {"uv": [1, 1, 2, 15], "texture": "#outside"},
				"east": {"uv": [1, 1, 2, 15], "texture": "#outside"},
				"south": {"uv": [1, 1, 2, 15], "texture": "#outside"},
				"west": {"uv": [1, 1, 2, 15], "texture": "#outside"},
				"up": {"uv": [1, 1, 2, 2], "texture": "#outside"},
				"down": {"uv": [1, 1, 2, 2], "texture": "#outside"}
			}
		},
		{
			"from": [13, 1, 2],
			"to": [14, 15, 3],
			"faces": {
				"north": {"uv": [1, 1, 2, 15], "texture": "#outside"},
				"east": {"uv": [1, 1, 2, 15], "texture": "#outside"},
				"south": {"uv": [1, 1, 2, 15], "texture": "#outside"},
				"west": {"uv": [1, 1, 2, 15], "texture": "#outside"},
				"up": {"uv": [1, 1, 2, 2], "texture": "#outside"},
				"down": {"uv": [1, 1, 2, 2], "texture": "#outside"}
			}
		},
		{
			"from": [2, 1, 2],
			"to": [3, 15, 3],
			"faces": {
				"north": {"uv": [1, 1, 2, 15], "texture": "#outside"},
				"east": {"uv": [1, 1, 2, 15], "texture": "#outside"},
				"south": {"uv": [1, 1, 2, 15], "texture": "#outside"},
				"west": {"uv": [1, 1, 2, 15], "texture": "#outside"},
				"up": {"uv": [1, 1, 2, 2], "texture": "#outside"},
				"down": {"uv": [1, 1, 2, 2], "texture": "#outside"}
			}
		},
		{
			"name": "Platform",
			"from": [4, 1, 4],
			"to": [12, 2, 12],
			"faces": {
				"north": {"uv": [4, 4, 12, 5], "texture": "#outside"},
				"east": {"uv": [4, 4, 12, 5], "texture": "#outside"},
				"south": {"uv": [4, 4, 12, 5], "texture": "#outside"},
				"west": {"uv": [4, 4, 12, 5], "texture": "#outside"},
				"up": {"uv": [4, 4, 12, 12], "texture": "#outside"}
			}
		},
		{
			"name": "Glass",
			"from": [1, 1, 1],
			"to": [1, 14, 15],
			"faces": {
				"east": {"uv": [0, 1, 14, 14], "texture": "#glass"},
				"west": {"uv": [0, 1, 14, 14], "texture": "#glass"}
			}
		},
		{
			"name": "Glass",
			"from": [15, 1, 1],
			"to": [15, 14, 15],
			"faces": {
				"east": {"uv": [0, 1, 14, 14], "texture": "#glass"},
				"west": {"uv": [0, 1, 14, 14], "texture": "#glass"}
			}
		},
		{
			"name": "Glass",
			"from": [1, 1, 1],
			"to": [15, 15, 1],
			"rotation": {"angle": 0, "axis": "y", "origin": [8, 0, 8]},
			"faces": {
				"north": {"uv": [0, 0, 14, 14], "texture": "#glass"},
				"south": {"uv": [0, 0, 14, 14], "texture": "#glass"}
			}
		},
		{
			"name": "Glass",
			"from": [1, 1, 15],
			"to": [15, 15, 15],
			"rotation": {"angle": 0, "axis": "y", "origin": [8, 0, 8]},
			"faces": {
				"north": {"uv": [0, 0, 14, 14], "texture": "#glass"},
				"south": {"uv": [0, 0, 14, 14], "texture": "#glass"}
			}
		}
	],
	"groups": [
		{
			"name": "Frame",
			"origin": [0, 0, 0],
			"color": 0,
			"shade": false,
			"children": [0, 1, 2, 3, 4, 5]
		},
		{
			"name": "Arm 1",
			"origin": [8, 8, 8],
			"color": 0,
			"children": [
				6,
				7,
				{
					"name": "Arm 2",
					"origin": [0, 0, 0],
					"color": 0,
					"children": [
						8,
						{
							"name": "Head",
							"origin": [8, 8, 8],
							"color": 0,
							"children": [9, 10, 11]
						}
					]
				}
			]
		},
		{
			"name": "Screws",
			"origin": [0, 0, 0],
			"color": 0,
			"children": [12, 13, 14, 15]
		},
		16,
		17,
		18,
		19,
		20
	]
}