{
	"credit": "Made with Blockbench",
	"parent": "block/block",
	"textures": {
		"all": "ae2:block/molecular_assembler_lights"
	},
	"elements": [
		{
			"from": [0.95, 0.95, 0.95],
			"to": [15.05, 15.05, 15.05],
			"faces": {
				"north": {"uv": [2.6, 2.6, 13.4, 13.4], "texture": "#all", "cullface": "north","unlit":true},
				"east": {"uv": [2.6, 2.6, 13.4, 13.4], "texture": "#all", "cullface": "east","unlit":true},
				"south": {"uv": [2.6, 2.6, 13.4, 13.4], "texture": "#all", "cullface": "south","unlit":true},
				"west": {"uv": [2.6, 2.6, 13.4, 13.4], "texture": "#all", "cullface": "west","unlit":true},
				"up": {"uv": [2.6, 2.6, 13.4, 13.4], "texture": "#all", "cullface": "up","unlit":true},
				"down": {"uv": [2.6, 2.6, 13.4, 13.4], "texture": "#all", "cullface": "down","unlit":true}
			}
		}
	]
}