{
	"credit": "Made with Blockbench",
	"parent": "block/block",
	"textures": {
		"particle": "ae2:block/security_station_side",
		"side": "ae2:block/security_station_side",
		"bottom": "ae2:block/security_station_bottom",
		"top": "ae2:block/security_station_top",
		"lights": "ae2:block/security_station_light_on",
		"glow": "ae2:block/drive/drive_back_glow"
	},
	"elements": [
		{
			"from": [0, 0, 0],
			"to": [16, 16, 16],
			"faces": {
				"north": {"uv": [0, 0, 16, 16], "texture": "#side"},
				"east": {"uv": [0, 0, 16, 16], "texture": "#side"},
				"south": {"uv": [0, 0, 16, 16], "texture": "#side"},
				"west": {"uv": [0, 0, 16, 16], "texture": "#side"},
				"up": {"uv": [0, 0, 16, 16], "texture": "#top"},
				"down": {"uv": [0, 0, 16, 16], "texture": "#bottom"}
			}
		},
		{
			"from": [0, 15, 0],
			"to": [16, 16, 16],
			"faces": {
				"up": {"uv": [0, 0, 16, 16], "texture": "#lights","unlit":true}
			}
		},
		{
			"from": [0, -1, 0],
			"to": [16, 15, 16],
			"faces": {
				"north": {"uv": [0, 0, 16, 16], "texture": "#glow","unlit":true},
				"east": {"uv": [0, 0, 16, 16], "texture": "#glow","unlit":true},
				"south": {"uv": [0, 0, 16, 16], "texture": "#glow","unlit":true},
				"west": {"uv": [0, 0, 16, 16], "texture": "#glow","unlit":true}
			}
		}
	]
}