{
	"credit": "Made with Blockbench",
	"parent": "create:block/block",
	"textures": {
		"0": "create:block/axis",
		"2": "create:block/rotation_speed_controller_panel",
		"3": "create:block/axis_top",
		"4": "create:block/rotation_speed_controller_top",
		"5": "create:block/rotation_speed_controller_front",
		"6": "create:block/rotation_speed_controller_side",
		"7": "create:block/brass_casing",
		"8": "create:block/rotation_speed_controller_base",
		"particle": "create:block/brass_casing"
	},
	"elements": [
		{
			"name": "Axis",
			"from": [6, 6, 0],
			"to": [10, 10, 16],
			"faces": {
				"north": {"uv": [6, 6, 10, 10], "rotation": 180, "texture": "#3"},
				"east": {"uv": [6, 0, 10, 16], "rotation": 90, "texture": "#0"},
				"south": {"uv": [6, 6, 10, 10], "texture": "#3"},
				"west": {"uv": [6, 0, 10, 16], "rotation": 270, "texture": "#0"},
				"up": {"uv": [6, 0, 10, 16], "texture": "#0"},
				"down": {"uv": [6, 0, 10, 16], "rotation": 180, "texture": "#0"}
			}
		},
		{
			"from": [0, 0, 0],
			"to": [16, 4, 16],
			"faces": {
				"north": {"uv": [0, 12, 16, 16], "texture": "#8"},
				"east": {"uv": [0, 12, 16, 16], "texture": "#8"},
				"south": {"uv": [0, 12, 16, 16], "texture": "#8"},
				"west": {"uv": [0, 12, 16, 16], "texture": "#8"},
				"up": {"uv": [0, 0, 16, 16], "texture": "#7"},
				"down": {"uv": [0, 0, 16, 16], "texture": "#7"}
			}
		},
		{
			"from": [0, 8, 0],
			"to": [5, 14, 16],
			"rotation": {"angle": 0, "axis": "y", "origin": [8, 18, 8]},
			"faces": {
				"north": {"uv": [0, 4, 5, 10], "texture": "#2"},
				"east": {"uv": [0, 10, 16, 16], "texture": "#2"},
				"south": {"uv": [5, 4, 0, 10], "texture": "#2"},
				"west": {"uv": [0, 10, 16, 16], "texture": "#2"},
				"up": {"uv": [0, 5, 16, 0], "rotation": 90, "texture": "#2"},
				"down": {"uv": [11, 0, 16, 16], "texture": "#4"}
			}
		},
		{
			"from": [1, 4, 1],
			"to": [15, 12, 15],
			"rotation": {"angle": 0, "axis": "y", "origin": [8, 14, 8]},
			"faces": {
				"north": {"uv": [1, 4, 15, 12], "texture": "#5"},
				"east": {"uv": [1, 4, 15, 12], "texture": "#6"},
				"south": {"uv": [1, 4, 15, 12], "texture": "#5"},
				"west": {"uv": [1, 4, 15, 12], "texture": "#6"},
				"up": {"uv": [1, 1, 15, 15], "texture": "#4"},
				"down": {"uv": [1, 1, 15, 15], "texture": "#7"}
			}
		},
		{
			"from": [11, 8, 0],
			"to": [16, 14, 16],
			"rotation": {"angle": 0, "axis": "y", "origin": [19, 18, 8]},
			"faces": {
				"north": {"uv": [5, 4, 0, 10], "texture": "#2"},
				"east": {"uv": [0, 10, 16, 16], "texture": "#2"},
				"south": {"uv": [0, 4, 5, 10], "texture": "#2"},
				"west": {"uv": [0, 10, 16, 16], "texture": "#2"},
				"up": {"uv": [0, 0, 16, 5], "rotation": 90, "texture": "#2"},
				"down": {"uv": [11, 0, 16, 16], "texture": "#4"}
			}
		},
		{
			"from": [10, 11, 0],
			"to": [11, 14, 16],
			"rotation": {"angle": 0, "axis": "y", "origin": [18, 18, 8]},
			"faces": {
				"north": {"uv": [15, 10, 16, 13], "texture": "#2"},
				"east": {"uv": [0, 0, 16, 3], "texture": "#2"},
				"south": {"uv": [15, 10, 16, 13], "texture": "#2"},
				"west": {"uv": [0, 5, 16, 2], "texture": "#2"},
				"up": {"uv": [0, 10, 16, 11], "rotation": 90, "texture": "#2"},
				"down": {"uv": [0, 10, 16, 11], "rotation": 90, "texture": "#2"}
			}
		},
		{
			"from": [5, 11, 0],
			"to": [6, 14, 16],
			"rotation": {"angle": 0, "axis": "y", "origin": [-2, 18, 8]},
			"faces": {
				"north": {"uv": [15, 10, 16, 13], "texture": "#2"},
				"east": {"uv": [0, 5, 16, 2], "texture": "#2"},
				"south": {"uv": [15, 10, 16, 13], "texture": "#2"},
				"west": {"uv": [0, 0, 16, 3], "texture": "#2"},
				"up": {"uv": [0, 10, 16, 11], "rotation": 90, "texture": "#2"},
				"down": {"uv": [0, 10, 16, 11], "rotation": 90, "texture": "#2"}
			}
		}
	],
	"groups": [
		0,
		{
			"name": "block",
			"origin": [8, 8, 8],
			"color": 0,
			"children": [1, 2, 3, 4, 5, 6]
		}
	]
}