{
  "textures": {
    "lights": "ae2:block/chest/lights_off",
    "glow": "ae2:block/drive/drive_back_glow_off"
  },
  "elements": [
    {
      "from": [0, 0, 0],
      "to": [16, 16, 16],
      "faces": {
        "up": {
          "texture": "#lights",
          "tintindex": 3
        },
        "east": {"uv": [0, 0, 16, 16], "rotation": 180, "texture": "#glow"},
				"south": {"uv": [0, 0, 16, 16], "rotation": 180, "texture": "#glow"},
				"west": {"uv": [0, 0, 16, 16], "rotation": 180, "texture": "#glow"}
      }
    }
  ]
}
