{
	"credit": "Made with Blockbench",
	"textures": {
		"light": "ae2:block/chest/lights_on",
		"particle": "ae2:block/drive/drive_back_glow",
		"glow": "ae2:block/drive/drive_back_glow"
	},
	"elements": [
		{
			"from": [0, 0, 0],
			"to": [16, 16, 16],
			"faces": {
				"east": {"uv": [0, 0, 16, 16], "rotation": 180, "texture": "#glow", "unlit": true},
				"south": {"uv": [0, 0, 16, 16], "rotation": 180, "texture": "#glow", "unlit": true},
				"west": {"uv": [0, 0, 16, 16], "rotation": 180, "texture": "#glow", "unlit": true},
				"up": {"uv": [0, 0, 16, 16], "texture": "#light", "unlit": true}
			}
		}
	]
}