{
	"credit": "Made with Blockbench",
	"parent": "block/block",
	"textures": {
		"5": "create:block/mechanical_arm",
		"particle": "create:block/crafter_top"
	},
	"elements": [
		{
			"name": "ClawTop",
			"from": [-2.5, -1, -4],
			"to": [2.5, 1, 1],
			"rotation": {"angle": 0, "axis": "x", "origin": [-2.5, -3.5, 1]},
			"faces": {
				"north": {"uv": [9.5, 1.5, 12, 2.5], "rotation": 180, "texture": "#5"},
				"east": {"uv": [9.5, 0, 12, 1], "rotation": 180, "texture": "#5"},
				"south": {"uv": [9.5, 0, 12, 1], "rotation": 180, "texture": "#5"},
				"west": {"uv": [9.5, 0, 12, 1], "rotation": 180, "texture": "#5"},
				"up": {"uv": [9.5, 0, 12, 2.5], "rotation": 180, "texture": "#5"},
				"down": {"uv": [9.5, 2.5, 12, 0], "rotation": 180, "texture": "#5"}
			}
		}
	],
	"display": {
		"thirdperson_righthand": {
			"rotation": [75, -149, 0],
			"translation": [0, 2.5, 0],
			"scale": [0.375, 0.375, 0.375]
		},
		"thirdperson_lefthand": {
			"rotation": [75, -149, 0],
			"translation": [0, 2.5, 0],
			"scale": [0.375, 0.375, 0.375]
		},
		"firstperson_righthand": {
			"rotation": [0, -55, 0],
			"scale": [0.4, 0.4, 0.4]
		},
		"firstperson_lefthand": {
			"rotation": [0, -55, 0],
			"scale": [0.4, 0.4, 0.4]
		},
		"ground": {
			"translation": [0, 1, 1.25],
			"scale": [0.25, 0.25, 0.25]
		},
		"gui": {
			"rotation": [30, 45, 0],
			"translation": [2.5, -0.5, 0],
			"scale": [0.625, 0.625, 0.625]
		},
		"fixed": {
			"rotation": [0, 180, 0],
			"translation": [0, 1.75, -4.5],
			"scale": [0.5, 0.5, 0.5]
		}
	},
	"groups": [
		{
			"name": "inserter",
			"origin": [8, 8, 8],
			"color": 0,
			"children": [0]
		}
	]
}