{
	"credit": "Made with Blockbench",
	"parent": "block/block",
	"textures": {
		"5": "create:block/mechanical_arm",
		"particle": "create:block/crafter_top"
	},
	"elements": [
		{
			"name": "Head",
			"from": [-4, -2, -2],
			"to": [4, 2, 2],
			"rotation": {"angle": 0, "axis": "y", "origin": [0, 0.5, 0]},
			"faces": {
				"north": {"uv": [7, 9.5, 9, 13.5], "rotation": 90, "texture": "#5"},
				"east": {"uv": [7, 13.5, 9, 15.5], "texture": "#5"},
				"south": {"uv": [7, 9.5, 9, 13.5], "rotation": 90, "texture": "#5"},
				"west": {"uv": [7, 13.5, 9, 15.5], "texture": "#5"},
				"up": {"uv": [7, 9.5, 9, 13.5], "rotation": 90, "texture": "#5"},
				"down": {"uv": [7, 9.5, 9, 13.5], "rotation": 270, "texture": "#5"}
			}
		},
		{
			"name": "ClawConnector",
			"from": [-1.5, -1, -3],
			"to": [1.5, 1, -2],
			"rotation": {"angle": 0, "axis": "y", "origin": [0, 0.5, 0]},
			"faces": {
				"east": {"uv": [10.5, 2.5, 11, 3.5], "texture": "#5"},
				"west": {"uv": [11.5, 2.5, 12, 3.5], "texture": "#5"},
				"up": {"uv": [10.5, 3, 12, 3.5], "rotation": 180, "texture": "#5"},
				"down": {"uv": [10.5, 2.5, 12, 3], "texture": "#5"}
			}
		}
	],
	"display": {
		"thirdperson_righthand": {
			"rotation": [75, -149, 0],
			"translation": [0, 2.5, 0],
			"scale": [0.375, 0.375, 0.375]
		},
		"thirdperson_lefthand": {
			"rotation": [75, -149, 0],
			"translation": [0, 2.5, 0],
			"scale": [0.375, 0.375, 0.375]
		},
		"firstperson_righthand": {
			"rotation": [0, -55, 0],
			"scale": [0.4, 0.4, 0.4]
		},
		"firstperson_lefthand": {
			"rotation": [0, -55, 0],
			"scale": [0.4, 0.4, 0.4]
		},
		"ground": {
			"translation": [0, 1, 1.25],
			"scale": [0.25, 0.25, 0.25]
		},
		"gui": {
			"rotation": [30, 45, 0],
			"translation": [2.5, -0.5, 0],
			"scale": [0.625, 0.625, 0.625]
		},
		"fixed": {
			"rotation": [0, 180, 0],
			"translation": [0, 1.75, -4.5],
			"scale": [0.5, 0.5, 0.5]
		}
	},
	"groups": [
		{
			"name": "inserter",
			"origin": [8, 8, 8],
			"children": [0, 1]
		}
	]
}