{
	"credit": "Made with Blockbench",
	"parent": "block/block",
	"textures": {
		"5": "create:block/mechanical_arm",
		"particle": "create:block/crafter_top"
	},
	"elements": [
		{
			"name": "ConnectorR",
			"from": [-3, -0.97056, -5],
			"to": [-1, 1.02944, 1],
			"rotation": {"angle": 45, "axis": "x", "origin": [0, 0, 0]},
			"faces": {
				"east": {"uv": [15, 0, 16, 3], "rotation": 90, "texture": "#5"},
				"south": {"uv": [15, 0, 16, 1], "rotation": 90, "texture": "#5"},
				"west": {"uv": [15, 0, 16, 3], "rotation": 90, "texture": "#5"},
				"up": {"uv": [15, 0, 16, 3], "texture": "#5"},
				"down": {"uv": [15, 0, 16, 3], "rotation": 180, "texture": "#5"}
			}
		},
		{
			"name": "ConnectorR",
			"from": [1, -0.97056, -5],
			"to": [3, 1.02944, 1],
			"rotation": {"angle": 45, "axis": "x", "origin": [0, 0, 0]},
			"faces": {
				"east": {"uv": [15, 0, 16, 3], "rotation": 90, "texture": "#5"},
				"south": {"uv": [15, 0, 16, 1], "rotation": 90, "texture": "#5"},
				"west": {"uv": [15, 0, 16, 3], "rotation": 90, "texture": "#5"},
				"up": {"uv": [15, 0, 16, 3], "texture": "#5"},
				"down": {"uv": [15, 0, 16, 3], "rotation": 180, "texture": "#5"}
			}
		},
		{
			"name": "UpperBody",
			"from": [-3.5, -1.97056, -15],
			"to": [3.5, 2.02944, -4],
			"rotation": {"angle": 45, "axis": "x", "origin": [0, 0, 0]},
			"faces": {
				"north": {"uv": [11, 9, 14.5, 11], "texture": "#5"},
				"east": {"uv": [14, 3.5, 16, 9], "rotation": 270, "texture": "#5"},
				"south": {"uv": [11, 9, 14.5, 11], "texture": "#5"},
				"west": {"uv": [14, 3.5, 16, 9], "rotation": 270, "texture": "#5"},
				"up": {"uv": [10.5, 3.5, 14, 9], "texture": "#5"},
				"down": {"uv": [10.5, 3.5, 14, 9], "texture": "#5"}
			}
		}
	],
	"display": {
		"thirdperson_righthand": {
			"rotation": [75, -149, 0],
			"translation": [0, 2.5, 0],
			"scale": [0.375, 0.375, 0.375]
		},
		"thirdperson_lefthand": {
			"rotation": [75, -149, 0],
			"translation": [0, 2.5, 0],
			"scale": [0.375, 0.375, 0.375]
		},
		"firstperson_righthand": {
			"rotation": [0, -55, 0],
			"scale": [0.4, 0.4, 0.4]
		},
		"firstperson_lefthand": {
			"rotation": [0, -55, 0],
			"scale": [0.4, 0.4, 0.4]
		},
		"ground": {
			"translation": [0, 1, 1.25],
			"scale": [0.25, 0.25, 0.25]
		},
		"gui": {
			"rotation": [30, 45, 0],
			"translation": [2.5, -0.5, 0],
			"scale": [0.625, 0.625, 0.625]
		},
		"fixed": {
			"rotation": [0, 180, 0],
			"translation": [0, 1.75, -4.5],
			"scale": [0.5, 0.5, 0.5]
		}
	},
	"groups": [
		{
			"name": "inserter",
			"origin": [8, 8, 8],
			"color": 0,
			"children": [0, 1, 2]
		}
	]
}